ano;id_aluno;id_escola;id_municipio;nome_municipio;sigla_uf;regiao;rede;serie;caderno;peso_aluno;mun_ctx_taxa_alfabetizacao;mun_ctx_media_portugues;mun_ctx_nivel_alfabetizacao;mun_ctx_percentual_participacao;mun_meta_2024;mun_meta_2030;mun_gap_projetado;mun_esforco_anual_requerido;uf_ctx_taxa_alfabetizacao;uf_ctx_media_portugues;uf_ctx_ranking_nacional;uf_meta_2030;escola_n_alunos_avaliados;mun_n_alunos_avaliados;mun_n_escolas;proficiencia;nao_alfabetizado;ibge_populacao;ibge_pib_per_capita;ibge_densidade_demografica;ibge_log_populacao
2024;15001430;60002295;1500107;Abaetetuba;PA;Norte;municipal;2;7;1,0;39,73;725,5913;0,0;84,66499999999999;46,03;80,0;6,3;5,753;48,38;733,29;17,0;80,0;61;1270;39;737,19;1;170999,0;14275,48;87,61;12,0494
2024;29213618;60017070;2927408;Salvador;BA;Nordeste;municipal;2;9;1,0;39,16;726,7501;0,0;85,995;45,52;80,0;6,36;5,834;36,78;724,86;23,0;80,0;87;12158;264;687,11;1;2568928,0;29856,34;3859,35;14,759
2024;21013380;60006218;2110401;São Benedito do Rio Preto;MA;Nordeste;municipal;2;6;1,3;46,81;726,0404;0,5;81,15;52,21;80,0;5,4;4,741;56,43;749,92;10,0;80,0;41;183;7;714,28;1;18793,0;9922,52;19,11;9,8413
2024;35140187;60028498;3503307;Araras;SP;Sudeste;municipal;2;2;1,3684211;58,1;749,0684;2,0;92,13;61,73;80,0;3,63;3,129;51,91;740,39;15,0;80,0;45;1043;22;742,652566;1;135331,0;74061,91;184,3;11,8155
2024;25015177;60011167;2504603;Conde;PB;Nordeste;municipal;2;7;1,13;62,38;752,7814;3,0;92,875;65,28;80,0;2,9;2,517;51,12;741,6;16,0;80,0;48;406;9;819,88;0;29543,0;55793,25;123,74;10,2936
2024;43087077;60036316;4318705;São Leopoldo;RS;Sul;municipal;2;2;1,3157895;57,01;740,6327;1,0;74,225;60,83;80,0;3,82;3,284;63,43;747,39;6,0;80,0;34;1834;53;760,1070458;0;225669,0;52027,14;2083,79;12,3268
2024;41136991;60032983;4106506;Coronel Vivida;PR;Sul;municipal;2;11;1,04;80,52;764,3881;4,5;91,435;80,0;80,0;-0,52;-0,074;73,12;757,21;2,0;80,0;49;301;10;785,86;0;23859,0;46499,9;31,78;10,08
2024;13044661;60001307;1302603;Manaus;AM;Norte;municipal;2;6;1,38;52,2;736,11;2,0;73,57;56,8;80,0;4,6;3,971;52,2;736,47;13,0;80,0;206;23125;327;729,08;1;2279686,0;55994,46;158,06;14,6395
2024;29000935;60015423;2900355;Adustina;BA;Nordeste;municipal;2;9;1,0;44,68;729,4789;1,0;96,47999999999999;50,37;80,0;5,69;5,046;36,78;724,86;23,0;80,0;22;139;6;797,94;0;14554,0;18929,09;24,84;9,5857
2024;31064938;60022211;3106200;Belo Horizonte;MG;Sudeste;municipal;2;9;1,17;57,61;748,4681;2,5;84,09;61,33;80,0;3,72;3,199;59,81;751,71;8,0;80,0;57;16012;262;827,5;0;2416339,0;53882,2;7167,02;14,6978
2024;41034948;60032891;4121406;Realeza;PR;Sul;municipal;2;14;1,17;88,32;769,9501;4,5;90,83;80,0;80,0;-8,32;-1,189;73,12;757,21;2,0;80,0;34;208;7;751,17;0;19903,0;48183,04;46,23;9,8987
2024;35094881;60030885;3514106;Dois Córregos;SP;Sudeste;municipal;2;7;1,05;61,44;758,3221;2,5;91,095;64,5;80,0;3,06;2,651;51,91;740,39;15,0;80,0;63;249;5;728,8697848;1;24855,0;47760,89;39,12;10,1209
2024;35381411;60031454;3550308;São Paulo;SP;Sudeste;estadual;2;8;1,1304348;50,16;738,0494;0,5;84,24000000000001;44,37;80,0;-5,79;4,263;51,91;740,39;15,0;80,0;127;94373;1110;702,3336919;1;11895578,0;89682,49;7387,69;16,2917
2024;50029872;60039970;5000807;Anaurilândia;MS;Centro-Oeste;municipal;2;12;1,0;65,19;758,5781;4,0;97,96000000000001;67,61;80,0;2,42;2,116;47,45;735,95;18,0;80,0;85;105;2;800,95;0;7735,0;80634,78;2,5;8,9536
2024;23074990;60008012;2303709;Caucaia;CE;Nordeste;municipal;2;14;1,05;67,04;765,3228;3,0;95,655;69,14;80,0;2,1;1,851;84,46;795,68;1,0;80,0;123;3784;85;650,74;1;375730,0;26278,33;265,93;12,8366
2024;52056624;60041032;5210604;Itaguaru;GO;Centro-Oeste;municipal;2;19;1,0;81,65;771,1195;5,0;94,21000000000001;80,0;80,0;-1,65;-0,236;66,74;752,15;4,0;80,0;50;50;1;775,57;0;4880,0;24567,42;22,68;8,4931
2024;21043759;60006077;2101202;Bacabal;MA;Nordeste;municipal;2;2;1,1;45,66;735,4471;1,5;91,735;51,22;80,0;5,56;4,906;56,43;749,92;10,0;80,0;67;902;32;739,98;1;107620,0;17774,28;59,42;11,5864
2024;31197032;60019158;3143302;Montes Claros;MG;Sudeste;estadual;2;8;1,08;64,69;756,5322;3,5;88,005;64,62;80,0;-0,07;2,187;59,81;751,71;8,0;80,0;147;3495;68;732,18;1;434321,0;30682,93;101,41;12,9815
2024;35193522;60028737;3519709;Ibiúna;SP;Sudeste;municipal;2;16;1,0;44,73;733,6612;1,5;91,22;50,42;80,0;5,69;5,039;51,91;740,39;15,0;80,0;36;963;32;799,8212385;0;77651,0;38937,05;67,34;11,26
2024;35011978;60026368;3503208;Araraquara;SP;Sudeste;estadual;2;14;1,0;63,22;757,5325;2,5;89,13;59,9;80,0;-3,32;2,397;51,91;740,39;15,0;80,0;85;1853;25;769,9912348;0;252318,0;58218,2;207,8;12,4384
2024;17016827;60004246;1720655;Silvanópolis;TO;Norte;municipal;2;15;1,22;34,74;727,5899;0,0;87,795;41,52;80,0;6,78;6,466;43,72;734,29;20,0;80,0;75;75;1;802,0;0;5252,0;54220,68;4,03;8,5666
2024;35059768;60030413;3511102;Catanduva;SP;Sudeste;municipal;2;21;1,1578947;54,37;744,1825;3,0;91,7;58,62;80,0;4,25;3,661;51,91;740,39;15,0;80,0;41;741;15;651,3558577;1;119172,0;58989,97;388,24;11,6883
2024;35004133;60029282;3533403;Nova Odessa;SP;Sudeste;municipal;2;8;1,1111111;54,93;741,176;2,0;91,735;59,09;80,0;4,16;3,581;51,91;740,39;15,0;80,0;59;491;12;758,186144;0;64228,0;87396,42;694,34;11,0702
2024;31150830;60018522;3123205;Dores do Indaiá;MG;Sudeste;municipal;2;14;1,12;65,78;756,5119;4,0;92,93;68,1;80,0;2,32;2,031;59,81;751,71;8,0;80,0;75;117;3;749,84;0;12786,0;31193,88;12,4;9,4562
2024;50036839;60040084;5000203;Água Clara;MS;Centro-Oeste;municipal;2;4;1,12;70,19;765,9648;4,0;89,565;71,75;80,0;1,56;1,401;47,45;735,95;18,0;80,0;62;371;5;785,36;0;17647,0;87529,5;1,31;9,7784
2024;22021477;60007165;2209708;São Francisco do Piauí;PI;Nordeste;municipal;2;3;1,0;58,13;750,9211;2,5;98,38;61,76;80,0;3,63;3,124;52,48;744,66;12,0;80,0;16;65;3;703,94;1;5404,0;12447,08;4,7;8,5951
2024;22012258;60007033;2211001;Teresina;PI;Nordeste;municipal;2;15;1,12;48,21;738,1982;1,5;91,265;53,41;80,0;5,2;4,541;52,48;744,66;12,0;80,0;54;6896;125;657,31;1;902644,0;32625,34;584,95;13,7131
2024;43027019;60037093;4307005;Erechim;RS;Sul;estadual;2;17;1,0;69,0;753,1518;2,0;91,62;64,31;80,0;-4,69;1,571;63,43;747,39;6,0;80,0;46;929;23;671,8580391;1;109497,0;77601,27;223,11;11,6037
2024;11009093;60000009;1100205;Porto Velho;RO;Norte;municipal;2;20;1,38;65,06;761,5118;2,5;85,58;67,5;80,0;2,44;2,134;64,6;759,44;5,0;80,0;65;5422;88;720,99;1;514873,0;49336,81;12,57;13,1517
2024;35031572;60028111;3537503;Pereiras;SP;Sudeste;municipal;2;2;1,0714286;51,39;745,5212;2,5;90,89;56,11;80,0;4,72;4,087;51,91;740,39;15,0;80,0;35;98;3;633,9622585;1;8969,0;45764,63;33,38;9,1016
2024;43070260;60038185;4315602;Rio Grande;RS;Sul;municipal;2;3;1,1875;54,17;740,4874;1,5;76,715;58,45;80,0;4,28;3,69;63,43;747,39;6,0;80,0;16;1518;59;777,2496164;0;198958,0;70902,8;72,79;12,2009
2024;13036050;60001475;1302603;Manaus;AM;Norte;municipal;2;14;1,2;52,2;736,11;2,0;73,57;56,8;80,0;4,6;3,971;52,2;736,47;13,0;80,0;122;23125;327;732,92;1;2279686,0;55994,46;158,06;14,6395
2024;23043725;60008326;2311306;Quixadá;CE;Nordeste;municipal;2;2;1,0;88,36;800,4837;5,0;96,25999999999999;80,0;80,0;-8,36;-1,194;84,46;795,68;1,0;80,0;18;811;22;812,0;0;88483,0;16098,44;39,91;11,3906
2024;15071600;60002936;1506807;Santarém;PA;Norte;municipal;2;13;1,32;54,92;738,9022;2,0;81,635;59,08;80,0;4,16;3,583;48,38;733,29;17,0;80,0;44;4040;90;791,42;0;357311,0;24297,79;12,87;12,7864
2024;13042789;60001361;1302603;Manaus;AM;Norte;municipal;2;5;1,45;52,2;736,11;2,0;73,57;56,8;80,0;4,6;3,971;52,2;736,47;13,0;80,0;51;23125;327;689,51;1;2279686,0;55994,46;158,06;14,6395
2024;31202278;60021091;3162104;São Gotardo;MG;Sudeste;municipal;2;17;1,11;53,04;743,1688;3,0;88,34;57,5;80,0;4,46;3,851;59,81;751,71;8,0;80,0;78;528;8;815,55;0;43309,0;35913,11;36,74;10,6761
2024;42022900;60035874;4204202;Chapecó;SC;Sul;municipal;2;14;1,21;56,22;741,6101;2,0;82,03;60,17;80,0;3,95;3,397;61,38;747,11;7,0;80,0;23;2707;56;821,54;0;275959,0;63847,47;293,98;12,528
2024;51017973;60040485;5107008;Poxoréu;MT;Centro-Oeste;municipal;2;7;1,21;47,11;736,84;1,0;89,33500000000001;52,47;80,0;5,36;4,699;55,03;746,8;11,0;80,0;59;242;6;734,08;1;24587,0;50514,78;2,55;10,11
2024;50034877;60039860;5006606;Ponta Porã;MS;Centro-Oeste;municipal;2;21;1,08;57,76;748,2462;3,0;93,92;61,45;80,0;3,69;3,177;47,45;735,95;18,0;80,0;143;1793;18;696,84;1;97577,0;62205,13;14,61;11,4884
2024;43026981;60037092;4307005;Erechim;RS;Sul;municipal;2;3;1,1333333;61,21;744,659;2,0;91,62;64,31;80,0;3,1;2,684;63,43;747,39;6,0;80,0;42;929;23;777,7723579;0;109497,0;77601,27;223,11;11,6037
2024;26034617;60012617;2602902;Cabo de Santo Agostinho;PE;Nordeste;municipal;2;21;1,0;55,12;742,1995;2,0;90,53;59,25;80,0;4,13;3,554;58,95;747,45;9,0;80,0;60;1976;50;707,04;1;216969,0;73271,39;414,32;12,2875
2024;33077226;60023286;3304805;São Fidélis;RJ;Sudeste;municipal;2;11;1,26;39,79;728,1991;0,5;78,51;46,08;80,0;6,29;5,744;52,13;737,3;14,0;80,0;53;338;11;791,99;0;41197,0;23932,28;36,39;10,6261
2024;32028954;60022380;3204906;São Mateus;ES;Sudeste;municipal;2;7;1,0;67,19;751,3222;3,0;88,69;69,26;80,0;2,07;1,83;67,93;753,72;3,0;80,0;34;1514;34;795,61;0;133359,0;32659,49;46,53;11,8008
2024;13002421;60000981;1300508;Barreirinha;AM;Norte;municipal;2;9;1,2;29,7;713,1795;0,0;86,31;36,81;80,0;7,11;7,186;52,2;736,47;13,0;80,0;15;410;15;715,47;1;33436,0;11905,37;4,76;10,4174
2024;26030469;60012974;2609600;Olinda;PE;Nordeste;municipal;2;4;1,07;59,57;746,3942;2,5;95,75;62,95;80,0;3,38;2,919;58,95;747,45;9,0;80,0;28;2716;56;686,6;1;365402,0;19225,17;9068,36;12,8088
2024;41037098;60032461;4127106;Telêmaco Borba;PR;Sul;municipal;2;15;1,13;63,2;749,9869;3,0;86,985;65,96;80,0;2,76;2,4;73,12;757,21;2,0;80,0;46;921;23;769,05;0;77182,0;83043,0;50,53;11,2539
2024;41037884;60032685;4127700;Toledo;PR;Sul;municipal;2;2;1,13;79,58;767,0897;4,5;87,22;79,64;80,0;0,06;0,06;73,12;757,21;2,0;80,0;52;1590;32;673,71;1;158620,0;59945,61;99,68;11,9743
2024;26046382;60012564;2611606;Recife;PE;Nordeste;municipal;2;19;1,18;62,39;749,1934;2,5;91,965;65,29;80,0;2,9;2,516;58,95;747,45;9,0;80,0;19;9918;200;693,07;1;1587707,0;41790,65;7037,61;14,2778
2024;51036281;60040353;5103403;Cuiabá;MT;Centro-Oeste;municipal;2;13;1,04;53,94;744,14;1,5;83,12;58,26;80,0;4,32;3,723;55,03;746,8;11,0;80,0;92;5876;76;645,57;1;682932,0;57181,03;163,88;13,4342
2024;35216828;60028770;3552403;Sumaré;SP;Sudeste;municipal;2;6;1,3333333;52,91;744,7665;2,0;87,15;57,39;80,0;4,48;3,87;51,91;740,39;15,0;80,0;51;2702;30;694,7068739;1;289787,0;65655,44;1577,14;12,5769
2024;42035344;60034917;4214003;Presidente Getúlio;SC;Sul;estadual;2;20;1,22;57,35;743,7164;2,5;76,75999999999999;65,13;80,0;7,78;3,236;61,38;747,11;7,0;80,0;50;223;6;727,96;1;21293,0;51278,4;50,35;9,9662
2024;42069179;60036269;4208302;Itapema;SC;Sul;municipal;2;8;1,46;66,9;750,1835;;;;;;;61,38;747,11;7,0;80,0;106;657;11;794,7;0;83330,0;45598,58;771,5;11,3306
2024;35001655;60029474;3535408;Panorama;SP;Sudeste;municipal;2;11;1,0;85,96;795,5431;5,0;97,10499999999999;80,0;80,0;-5,96;-0,851;51,91;740,39;15,0;80,0;37;171;4;793,1948632;0;15214,0;26104,44;40,93;9,63
2024;24004130;60010110;2408102;Natal;RN;Nordeste;municipal;2;8;1,85;34,5;722,4743;;;;;;;37,24;724,89;22,0;80,0;28;3717;103;682,31;1;785368,0;39678,27;4808,2;13,5739
2024;15091281;60002009;1501402;Belém;PA;Norte;municipal;2;12;1,04;48,22;730,4555;1,0;74,905;53,42;80,0;5,2;4,54;48,38;733,29;17,0;80,0;88;8616;173;761,12;0;1398531,0;28984,74;1315,27;14,1509
2024;23052255;60009476;2303709;Caucaia;CE;Nordeste;municipal;2;7;1,0;67,04;765,3228;3,0;95,655;69,14;80,0;2,1;1,851;84,46;795,68;1,0;80,0;101;3784;85;795,06;0;375730,0;26278,33;265,93;12,8366
2024;35067196;60029450;3502507;Aparecida;SP;Sudeste;municipal;2;14;1,0;43,48;730,4227;1,5;88,68;49,33;80,0;5,85;5,217;51,91;740,39;15,0;80,0;49;321;11;743,4128914;0;33223,0;41227,43;289,12;10,411
2024;43080078;60038438;4305439;Chuí;RS;Sul;estadual;2;21;1,1428571;71,43;758,2482;0,5;82,74000000000001;54,93;80,0;-16,5;1,224;63,43;747,39;6,0;80,0;14;33;2;769,8584031;0;6405,0;81555,04;29,21;8,765
2024;25031141;60011312;2511004;Pedra Branca;PB;Nordeste;municipal;2;4;1,05;95,61;789,3692;4,0;93,095;80,0;80,0;-15,61;-2,23;51,12;741,6;16,0;80,0;40;40;1;793,09;0;3846,0;12637,03;32,95;8,255
2024;15007915;60003599;1500800;Ananindeua;PA;Norte;municipal;2;2;1,18;59,04;743,5709;2,0;82,005;62,51;80,0;3,47;2,994;48,38;733,29;17,0;80,0;80;4114;86;696,51;1;507838,0;22593,62;2477,56;13,1379
2024;35046881;60031640;3509502;Campinas;SP;Sudeste;estadual;2;20;1,0;58,44;751,3349;1,0;86,725;47,76;80,0;-10,68;3,08;51,91;740,39;15,0;80,0;48;8899;141;782,0532164;0;1185977,0;77546,47;1358,63;13,9861
2024;42030045;60034648;4207007;Içara;SC;Sul;municipal;2;10;1,25;69,76;755,3795;3,0;79,84;71,39;80,0;1,63;1,463;61,38;747,11;7,0;80,0;56;663;21;785,47;0;62455,0;78108,62;200,02;11,0422
2024;35214312;60028281;3536505;Paulínia;SP;Sudeste;municipal;2;7;1,04;48,49;735,4701;2,0;90,33;53,65;80,0;5,16;4,501;51,91;740,39;15,0;80,0;119;1040;12;739,818791;1;115690,0;579715,62;591,72;11,6587
2024;33061410;60024320;3303500;Nova Iguaçu;RJ;Sudeste;municipal;2;2;1,5;33,23;719,388;0,0;79,785;40,13;80,0;6,9;6,681;52,13;737,3;14,0;80,0;50;6380;119;762,78;0;843046,0;24338,68;1527,6;13,6448
2024;15060503;60003108;1505536;Parauapebas;PA;Norte;municipal;2;8;1,41;54,32;736,3784;1,5;73,38499999999999;58,58;80,0;4,26;3,669;48,38;733,29;17,0;80,0;99;2854;33;750,44;0;298854,0;88407,94;22,12;12,6077
2024;43004167;60037051;4306601;Dom Pedrito;RS;Sul;municipal;2;7;1,1538462;57,45;738,687;1,5;74,83500000000001;61,19;80,0;3,74;3,221;63,43;747,39;6,0;80,0;13;312;15;731,9421859;1;38094,0;60066,47;7,49;10,5478
2024;31183040;60022156;3142601;Monsenhor Paulo;MG;Sudeste;municipal;2;18;1,09;62,69;753,816;3,5;92,43;65,54;80,0;2,85;2,473;59,81;751,71;8,0;80,0;48;89;3;801,97;0;8550,0;32769,01;37,69;9,0538
2024;17017840;60003895;1706506;Darcinópolis;TO;Norte;municipal;2;9;1,31;31,21;724,6836;0,5;88,375;38,24;80,0;7,03;6,97;43,72;734,29;20,0;80,0;82;82;1;719,78;1;6054,0;41715,06;3,22;8,7086
2024;35124698;60028357;3530706;Mogi Guaçu;SP;Sudeste;municipal;2;15;1,0416667;51,4;738,991;2,5;90,50999999999999;56,12;80,0;4,72;4,086;51,91;740,39;15,0;80,0;67;1351;25;729,717406;1;159735,0;59059,3;168,98;11,9813
2024;35080369;60030791;3511508;Cerquilho;SP;Sudeste;municipal;2;15;1,0434783;60,93;751,9442;3,0;92,00999999999999;64,08;80,0;3,15;2,724;51,91;740,39;15,0;80,0;86;396;7;828,9904186;0;46217,0;62559,84;309,98;10,7411
2024;41056426;60032617;4114609;Marechal Cândido Rondon;PR;Sul;municipal;2;21;1,27;75,3;759,0326;4,0;88,935;76,01;80,0;0,71;0,671;73,12;757,21;2,0;80,0;15;659;17;776,91;0;58140,0;67406,38;62,59;10,9706
2024;23030067;60007995;2303709;Caucaia;CE;Nordeste;municipal;2;11;1,04;67,04;765,3228;3,0;95,655;69,14;80,0;2,1;1,851;84,46;795,68;1,0;80,0;93;3784;85;832,69;0;375730,0;26278,33;265,93;12,8366
2024;26015208;60012189;2605202;Escada;PE;Nordeste;municipal;2;21;1,06;54,51;748,8628;1,0;94,28;58,74;80,0;4,23;3,641;58,95;747,45;9,0;80,0;33;406;14;693,86;1;62252,0;25417,71;183,07;11,039
2024;33138150;60024733;3304557;Rio de Janeiro;RJ;Sudeste;municipal;2;19;1,0;56,19;741,2373;2,5;84,625;60,14;80,0;3,95;3,401;52,13;737,3;14,0;80,0;83;43411;687;783,89;0;6729894,0;62179,64;5265,81;15,7221
2024;41059895;60033445;4105805;Colombo;PR;Sul;municipal;2;20;1,79;64,92;748,6869;3,0;81,62;67,38;80,0;2,46;2,154;73,12;757,21;2,0;80,0;168;3101;43;728,31;1;240720,0;31692,32;1079,08;12,3914
2024;23015762;60008733;2308104;Mauriti;CE;Nordeste;municipal;2;11;1,0;84,73;788,6292;5,0;98,365;80,0;80,0;-4,73;-0,676;84,46;795,68;1,0;80,0;78;532;18;830,06;0;47406,0;14927,79;41,0;10,7665
2024;35149941;60029095;3541406;Presidente Prudente;SP;Sudeste;municipal;2;10;1,2857143;54,07;742,7308;2,5;89,1;58,37;80,0;4,3;3,704;51,91;740,39;15,0;80,0;94;1708;31;703,4597086;1;234083,0;49630,26;368,89;12,3634
2024;31094077;60021646;3169356;Três Marias;MG;Sudeste;municipal;2;19;1,0;68,34;761,5375;4,0;91,25;70,22;80,0;1,88;1,666;59,81;751,71;8,0;80,0;21;283;11;787,86;0;29927,0;86294,35;10,57;10,3065
2024;52061302;60041388;5217609;Planaltina;GO;Centro-Oeste;municipal;2;4;1,11;65,51;749,5247;3,5;90,955;67,87;80,0;2,36;2,07;66,74;752,15;4,0;80,0;27;1543;33;762,1;0;110619,0;17536,81;32,17;11,6139
2024;31127777;60020780;3106200;Belo Horizonte;MG;Sudeste;municipal;2;20;1,0;57,61;748,4681;2,5;84,09;61,33;80,0;3,72;3,199;59,81;751,71;8,0;80,0;72;16012;262;764,97;0;2416339,0;53882,2;7167,02;14,6978
2024;15028853;60003377;1502764;Cumaru do Norte;PA;Norte;municipal;2;21;1,0;50,13;740,7593;1,5;80,08500000000001;55,05;80,0;4,92;4,267;48,38;733,29;17,0;80,0;30;155;5;712,81;1;14937,0;32070,16;0,61;9,6117
2024;32021445;60023096;3201308;Cariacica;ES;Sudeste;municipal;2;1;1,1;57,15;743,5046;2,5;87,045;60,94;80,0;3,79;3,264;67,93;753,72;3,0;80,0;133;4438;67;799,8;0;375485,0;52494,36;1245,6;12,836
2024;33091767;60023368;3300951;Comendador Levy Gasparian;RJ;Sudeste;municipal;2;4;1,22;51,64;733,3021;2,5;90,03999999999999;56,32;80,0;4,68;4,051;52,13;737,3;14,0;80,0;32;100;4;664,25;1;9044,0;70053,3;76,53;9,11
2024;31086295;60018949;3136702;Juiz de Fora;MG;Sudeste;estadual;2;11;1,1;58,62;749,7581;1,0;81,86500000000001;49,46;80,0;-9,16;3,054;59,81;751,71;8,0;80,0;70;3343;94;713,72;1;565764,0;41133,1;359,59;13,2459
2024;41064829;60033888;4113700;Londrina;PR;Sul;municipal;2;3;1,08;73,87;759,754;4,0;84,78;74,82;80,0;0,95;0,876;73,12;757,21;2,0;80,0;47;4774;87;754,36;0;577318,0;48499,33;306,49;13,2662
2024;32006278;60023062;3205002;Serra;ES;Sudeste;municipal;2;11;1,0;59,07;744,0729;2,0;85,22999999999999;62,54;80,0;3,47;2,99;67,93;753,72;3,0;80,0;54;6396;80;798,76;0;572274,0;65788,69;739,38;13,2574
2024;15085702;60002178;1508209;Vigia;PA;Norte;municipal;2;10;1,55;29,77;715,4434;0,0;80,3;36,87;80,0;7,1;7,176;48,38;733,29;17,0;80,0;11;447;21;732,09;1;53806,0;11190,96;88,84;10,8932
2024;25021856;60010750;2504009;Campina Grande;PB;Nordeste;municipal;2;17;1,1;42,4;730,5838;1,0;85,455;48,39;80,0;5,99;5,371;51,12;741,6;16,0;80,0;47;2736;84;825,77;0;440939,0;29275,58;648,31;12,9967
2024;33102035;60024442;3304557;Rio de Janeiro;RJ;Sudeste;municipal;2;8;1,11;56,19;741,2373;2,5;84,625;60,14;80,0;3,95;3,401;52,13;737,3;14,0;80,0;18;43411;687;684,75;1;6729894,0;62179,64;5265,81;15,7221
2024;31146896;60018238;3157807;Santa Luzia;MG;Sudeste;municipal;2;2;1,05;51,5;741,3879;3,0;86,685;56,2;80,0;4,7;4,071;59,81;751,71;8,0;80,0;75;2300;33;758,96;0;229483,0;28795,58;862,38;12,3436
2024;51036336;60040353;5103403;Cuiabá;MT;Centro-Oeste;municipal;2;2;1,29;53,94;744,14;1,5;83,12;58,26;80,0;4,32;3,723;55,03;746,8;11,0;80,0;92;5876;76;680,03;1;682932,0;57181,03;163,88;13,4342
2024;29138555;60017190;2919207;Lauro de Freitas;BA;Nordeste;municipal;2;16;1,0;29,63;717,7195;0,0;81,87;36,74;80,0;7,11;7,196;36,78;724,86;23,0;80,0;31;1280;37;749,51;0;217960,0;40917,97;2833,43;12,2921
2024;21025806;60005655;2104057;Estreito;MA;Nordeste;municipal;2;3;1,16;54,89;747,6384;2,0;89,215;59,05;80,0;4,16;3,587;56,43;749,92;10,0;80,0;62;500;16;723,3;1;34353,0;34797,51;13,18;10,4445
2024;35421313;60027040;3550308;São Paulo;SP;Sudeste;municipal;2;5;1,2;37,87;721,2607;0,5;84,24000000000001;44,37;80,0;6,5;6,019;51,91;740,39;15,0;80,0;77;94373;1110;712,0006367;1;11895578,0;89682,49;7387,69;16,2917
2024;31072622;60018024;3106200;Belo Horizonte;MG;Sudeste;estadual;2;15;1,04;65,95;757,7534;2,5;84,09;61,33;80,0;-4,62;2,007;59,81;751,71;8,0;80,0;134;16012;262;755,28;0;2416339,0;53882,2;7167,02;14,6978
2024;50011735;60039977;5002159;Bodoquena;MS;Centro-Oeste;municipal;2;3;1,21;44,62;735,2293;1,0;80,355;50,32;80,0;5,7;5,054;47,45;735,95;18,0;80,0;79;137;3;767,52;0;8849,0;43668,21;3,18;9,0882
2024;51049362;60040782;5107925;Sorriso;MT;Centro-Oeste;municipal;2;9;1,24;79,08;781,08;4,5;89,225;79,21;80,0;0,13;0,131;55,03;746,8;11,0;80,0;43;1711;19;786,32;0;120985,0;113640,18;7,13;11,7034
2024;21043834;60006096;2101202;Bacabal;MA;Nordeste;municipal;2;14;1,0;45,66;735,4471;1,5;91,735;51,22;80,0;5,56;4,906;56,43;749,92;10,0;80,0;19;902;32;744,59;0;107620,0;17774,28;59,42;11,5864
2024;13034065;60001403;1302603;Manaus;AM;Norte;municipal;2;20;1,12;52,2;736,11;2,0;73,57;56,8;80,0;4,6;3,971;52,2;736,47;13,0;80,0;120;23125;327;676,45;1;2279686,0;55994,46;158,06;14,6395
2024;31162698;60018558;3145208;Nova Serrana;MG;Sudeste;municipal;2;4;1,06;54,95;746,3576;3,0;94,525;59,11;80,0;4,16;3,579;59,81;751,71;8,0;80,0;35;1397;22;789,25;0;112910,0;34862,79;261,0;11,6344
2024;33011141;60025635;3300704;Cabo Frio;RJ;Sudeste;municipal;2;19;1,22;54,58;742,9705;2,0;76,66499999999999;58,8;80,0;4,22;3,631;52,13;737,3;14,0;80,0;75;2212;36;755,28;0;238166,0;71229,61;453,75;12,3807
2024;41085541;60034014;4120606;Prudentópolis;PR;Sul;municipal;2;1;1,12;82,7;765,4258;5,0;90,88;80,0;80,0;-2,7;-0,386;73,12;757,21;2,0;80,0;35;486;19;759,78;0;50428,0;37795,33;21,14;10,8283
2024;27033389;60013579;2708501;São Luís do Quitunde;AL;Nordeste;municipal;2;8;1,13;39,59;725,7126;1,0;94,015;45,9;80,0;6,31;5,773;43,88;729,72;19,0;80,0;99;398;12;792,43;0;31792,0;33118,49;81,61;10,367
2024;41037901;60032613;4114609;Marechal Cândido Rondon;PR;Sul;municipal;2;1;1,25;75,3;759,0326;4,0;88,935;76,01;80,0;0,71;0,671;73,12;757,21;2,0;80,0;86;659;17;753,17;0;58140,0;67406,38;62,59;10,9706
2024;26042918;60012387;2609402;Moreno;PE;Nordeste;municipal;2;4;1,0;53,38;737,0446;1,5;94,805;57,79;80,0;4,41;3,803;58,95;747,45;9,0;80,0;63;385;12;753,84;0;57647,0;19399,26;289,16;10,9621
2024;51021867;60040512;5107602;Rondonópolis;MT;Centro-Oeste;municipal;2;21;1,12;52,75;743,83;2,5;87,58500000000001;57,26;80,0;4,51;3,893;55,03;746,8;11,0;80,0;114;2966;43;847,47;0;259167,0;63928,86;47,0;12,4652
2024;42029341;60035796;4211603;Nova Veneza;SC;Sul;municipal;2;20;1,15;69,57;761,5208;3,5;91,425;71,23;80,0;1,66;1,49;61,38;747,11;7,0;80,0;48;152;7;769,56;0;13968,0;95471,72;45,34;9,5446
2024;27031174;60013514;2709301;União dos Palmares;AL;Nordeste;municipal;2;19;1,0;89,35;785,5604;5,0;99,22;80,0;80,0;-9,35;-1,336;43,88;729,72;19,0;80,0;59;633;17;748,92;0;60874,0;27827,94;148,24;11,0166
2024;51050307;60040645;5102686;Campos de Júlio;MT;Centro-Oeste;municipal;2;16;1,17;48,17;740,07;2,0;86,41;53,38;80,0;5,21;4,547;55,03;746,8;11,0;80,0;151;161;2;778,62;0;9608,0;302360,43;0,76;9,1705
2024;35284848;60027430;3523107;Itaquaquecetuba;SP;Sudeste;municipal;2;16;1,0714286;42,98;728,2914;1,5;91,325;48,89;80,0;5,91;5,289;51,91;740,39;15,0;80,0;172;4693;39;720,9363564;1;382521,0;31316,61;3877,73;12,8545
2024;35289695;60026096;3529401;Mauá;SP;Sudeste;estadual;2;9;1,0666667;64,23;760,3227;1,0;80,75;51,29;80,0;-12,94;2,253;51,91;740,39;15,0;80,0;121;3825;39;736,2855829;1;429380,0;58225,19;6803,54;12,9701
2024;28002382;60014090;2805604;Porto da Folha;SE;Nordeste;municipal;2;11;1,17;23,53;698,5287;0,0;90,535;30,74;80,0;7,21;8,067;31,3;713,13;24,0;80,0;12;228;11;787,87;0;27350,0;23320,22;30,94;10,2165
2024;31043308;60017960;3106200;Belo Horizonte;MG;Sudeste;estadual;2;1;1,0;65,95;757,7534;2,5;84,09;61,33;80,0;-4,62;2,007;59,81;751,71;8,0;80,0;44;16012;262;700,48;1;2416339,0;53882,2;7167,02;14,6978
2024;29263015;60016593;2933307;Vitória da Conquista;BA;Nordeste;municipal;2;4;1,0;47,86;736,1256;1,0;91,075;53,11;80,0;5,25;4,591;36,78;724,86;23,0;80,0;61;2826;58;683,83;1;394024,0;32146,7;90,11;12,8842
2024;16002275;60003702;1600303;Macapá;AP;Norte;municipal;2;16;1,04;43,33;734,2328;1,0;91,06;49,2;80,0;5,87;5,239;41,56;732,43;21,0;80,0;106;6536;104;761,45;0;487200,0;37912,27;62,14;13,0964
2024;26031828;60012438;2610707;Paulista;PE;Nordeste;municipal;2;5;1,14;51,23;738,1822;2,0;90,015;55,98;80,0;4,75;4,11;58,95;747,45;9,0;80,0;80;2040;47;696,7;1;362960,0;19283,15;3086,01;12,8021
2024;35005164;60029566;3545803;Santa Bárbara d'Oeste;SP;Sudeste;municipal;2;5;1,0;54,63;743,0969;2,5;89,91;58,84;80,0;4,21;3,624;51,91;740,39;15,0;80,0;44;1579;31;769,1328219;0;189338,0;57061,93;663,08;12,1513
2024;35163315;60026265;3518701;Guarujá;SP;Sudeste;estadual;2;15;1,137931;41,95;728,4325;1,0;84,725;53,43;80,0;11,48;5,436;51,91;740,39;15,0;80,0;87;3023;32;770,5804818;0;294973,0;39109,88;2034,91;12,5946
2024;42016095;60036026;4203154;Calmon;SC;Sul;municipal;2;8;1,27;62,96;746,6564;2,5;84,445;65,76;80,0;2,8;2,434;61,38;747,11;7,0;80,0;17;75;2;816,05;0;3513,0;38477,94;5,3;8,1645
2024;26078526;60012827;2602902;Cabo de Santo Agostinho;PE;Nordeste;municipal;2;1;1,0;55,12;742,1995;2,0;90,53;59,25;80,0;4,13;3,554;58,95;747,45;9,0;80,0;14;1976;50;710,62;1;216969,0;73271,39;414,32;12,2875
2024;23021031;60008806;2307304;Juazeiro do Norte;CE;Nordeste;municipal;2;9;1,0;60,56;756,6707;2,5;96,15;63,78;80,0;3,22;2,777;84,46;795,68;1,0;80,0;15;2361;42;779,51;0;303004,0;21311,74;1006,91;12,6215
2024;35425415;60031280;3550308;São Paulo;SP;Sudeste;municipal;2;7;1,2;37,87;721,2607;0,5;84,24000000000001;44,37;80,0;6,5;6,019;51,91;740,39;15,0;80,0;54;94373;1110;771,8384423;0;11895578,0;89682,49;7387,69;16,2917
2024;26007881;60013122;2615409;Toritama;PE;Nordeste;municipal;2;17;1,0;50,21;734,8244;2,5;94,22999999999999;55,11;80,0;4,9;4,256;58,95;747,45;9,0;80,0;88;548;8;775,5;0;43636,0;18625,79;1383,21;10,6837
2024;52000733;60041125;5208707;Goiânia;GO;Centro-Oeste;municipal;2;11;1,0;66,56;750,6494;3,0;84,00999999999999;68,74;80,0;2,18;1,92;66,74;752,15;4,0;80,0;51;8840;164;750,87;0;1494599,0;50703,13;1776,75;14,2174
2024;31068194;60021163;3150539;Pingo-d'Água;MG;Sudeste;municipal;2;20;1,05;34,7;728,2144;2,5;88,75;41,49;80,0;6,79;6,471;59,81;751,71;8,0;80,0;48;48;1;762,82;0;4845,0;14477,19;66,4;8,4859
2024;35227930;60029198;3542206;Rancharia;SP;Sudeste;municipal;2;1;1,1428571;60,04;749,0974;3,0;92,44;63,34;80,0;3,3;2,851;51,91;740,39;15,0;80,0;88;346;6;787,2131925;0;29305,0;68236,03;18,14;10,2855
2024;22019778;60007015;2208007;Picos;PI;Nordeste;municipal;2;3;1,33;52,95;740,4464;2,0;89,31;57,43;80,0;4,48;3,864;52,48;744,66;12,0;80,0;18;528;26;818,87;0;86228,0;28490,54;137,3;11,3648
2024;15012033;60002191;1500909;Augusto Corrêa;PA;Norte;municipal;2;10;1,18;38,56;724,8602;0,5;85,60499999999999;44,99;80,0;6,43;5,92;48,38;733,29;17,0;80,0;65;512;19;638,24;1;47596,0;10298,28;37,1;10,7705
2024;31040819;60020845;3162559;São João do Manhuaçu;MG;Sudeste;municipal;2;15;1,1;76,73;772,2763;4,0;94,97;77,22;80,0;0,49;0,467;59,81;751,71;8,0;80,0;129;152;3;783,38;0;11614,0;21115,21;71,6;9,3601
2024;23058800;60008643;2307403;Jucás;CE;Nordeste;municipal;2;10;1,0;86,69;798,457;5,0;97,14500000000001;80,0;80,0;-6,69;-0,956;84,46;795,68;1,0;80,0;42;278;10;715,85;1;24591,0;15875,32;25,4;10,1102
2024;50020191;60039821;5003702;Dourados;MS;Centro-Oeste;municipal;2;8;1,18;40,43;727,1128;1,5;83,005;46,65;80,0;6,22;5,653;47,45;735,95;18,0;80,0;113;3216;43;731,45;1;260640,0;77723,88;47,97;12,4709
2024;41133067;60031919;4105508;Cianorte;PR;Sul;municipal;2;1;1,0;79,56;765,6405;4,0;92,265;79,62;80,0;0,06;0,063;73,12;757,21;2,0;80,0;45;896;15;717,02;1;82359,0;48406,33;86,19;11,3189
2024;31182275;60020886;3104007;Araxá;MG;Sudeste;municipal;2;21;1,11;68,79;762,9242;3,5;90,07499999999999;70,59;80,0;1,8;1,601;59,81;751,71;8,0;80,0;50;1076;20;751,72;0;117677,0;75182,41;80,45;11,6757
2024;42002399;60035897;4201950;Balneário Arroio do Silva;SC;Sul;municipal;2;8;1,6;43,72;730,7152;;;;;;;61,38;747,11;7,0;80,0;49;119;3;761,68;0;17215,0;17548,71;101,33;9,7536
2024;35238752;60031242;3505708;Barueri;SP;Sudeste;municipal;2;21;1,0714286;62,8;753,8222;3,0;85,125;65,63;80,0;2,83;2,457;51,91;740,39;15,0;80,0;87;4293;53;783,9889981;0;330339,0;216888,44;3639,94;12,7079
2024;41118273;60033510;4106902;Curitiba;PR;Sul;municipal;2;18;1,24;70,41;753,0573;3,5;80,41499999999999;71,93;80,0;1,52;1,37;73,12;757,21;2,0;80,0;85;12923;183;656,28;1;1829225,0;65637,24;4024,84;14,4194
2024;35296073;60027424;3530607;Mogi das Cruzes;SP;Sudeste;municipal;2;13;1,125;46,57;732,1471;1,0;90,29499999999999;52,01;80,0;5,44;4,776;51,91;740,39;15,0;80,0;34;4279;67;704,9861002;1;468120,0;55696,24;543,65;13,0565
2024;13006506;60000749;1301209;Coari;AM;Norte;estadual;2;6;1,03;56,31;742,1508;0,0;86,42;45,17;80,0;-11,14;3,384;52,2;736,47;13,0;80,0;67;932;17;728,06;1;73820,0;52745,58;1,31;11,2094
2024;28003144;60014555;2805208;Pinhão;SE;Nordeste;municipal;2;7;1,04;16,22;693,9081;0,5;90,77;22,98;80,0;6,76;9,111;31,3;713,13;24,0;80,0;29;42;2;657,79;1;5769,0;24513,26;38,32;8,6604
2024;31123910;60020267;3172004;Visconde do Rio Branco;MG;Sudeste;estadual;2;14;1,0;60,79;753,3841;2,5;88,985;60,26;80,0;-0,53;2,744;59,81;751,71;8,0;80,0;93;362;8;767,27;0;40608,0;50538,76;155,91;10,6117
2024;22000011;60006351;2201919;Bom Princípio do Piauí;PI;Nordeste;municipal;2;4;1,0;87,91;783,7297;4,5;94,84;80,0;80,0;-7,91;-1,13;52,48;744,66;12,0;80,0;12;37;2;730,59;1;5786,0;14286,04;10,17;8,6634
2024;35416280;60026980;3550308;São Paulo;SP;Sudeste;municipal;2;6;1,25;37,87;721,2607;0,5;84,24000000000001;44,37;80,0;6,5;6,019;51,91;740,39;15,0;80,0;73;94373;1110;683,332079;1;11895578,0;89682,49;7387,69;16,2917
2024;15002906;60002689;1500347;Água Azul do Norte;PA;Norte;municipal;2;18;1,6;27,76;710,0652;1,0;75,45500000000001;34,94;80,0;7,18;7,463;48,38;733,29;17,0;80,0;15;185;3;768,55;0;17960,0;58308,8;3,52;9,796
2024;52048807;60041628;5220686;Simolândia;GO;Centro-Oeste;municipal;2;3;1,0;86,31;769,8854;4,5;93,065;80,0;80,0;-6,31;-0,901;66,74;752,15;4,0;80,0;19;64;2;794,88;0;5693,0;40987,0;18,72;8,6472
2024;29031227;60014983;2905305;Cafarnaum;BA;Nordeste;municipal;2;21;1,0;21,63;708,5645;0,0;79,235;28,79;80,0;7,16;8,339;36,78;724,86;23,0;80,0;30;135;6;741,11;1;18039,0;15367,48;25,48;9,8003
2024;29200453;60016034;2927408;Salvador;BA;Nordeste;municipal;2;8;1,0;39,16;726,7501;0,0;85,995;45,52;80,0;6,36;5,834;36,78;724,86;23,0;80,0;33;12158;264;769,48;0;2568928,0;29856,34;3859,35;14,759
2024;32030501;60022254;3200136;Águia Branca;ES;Sudeste;municipal;2;19;1,05;92,32;778,4332;5,0;93,535;80,0;80,0;-12,32;-1,76;67,93;753,72;3,0;80,0;19;146;7;783,62;0;10124,0;30971,75;21,17;9,2228
2024;35441607;60031649;3550308;São Paulo;SP;Sudeste;estadual;2;15;1,0344828;50,16;738,0494;0,5;84,24000000000001;44,37;80,0;-5,79;4,263;51,91;740,39;15,0;80,0;107;94373;1110;742,913174;1;11895578,0;89682,49;7387,69;16,2917
2024;35293792;60031512;3543303;Ribeirão Pires;SP;Sudeste;estadual;2;14;1,1111111;59,39;749,6338;3,0;91,24000000000001;66,91;80,0;7,52;2,944;51,91;740,39;15,0;80,0;53;1002;27;802,0724643;0;118877,0;40825,63;1144,99;11,6859
2024;31045362;60021016;3120904;Curvelo;MG;Sudeste;municipal;2;21;1,0;65,34;756,6522;3,5;88,715;67,73;80,0;2,39;2,094;59,81;751,71;8,0;80,0;119;726;16;784,93;0;83862,0;32271,18;22,5;11,3369
2024;51045798;60040564;5108402;Várzea Grande;MT;Centro-Oeste;municipal;2;9;1,04;47,94;738,94;2,0;90,815;53,18;80,0;5,24;4,58;55,03;746,8;11,0;80,0;80;3780;64;845,21;0;314627,0;44446,97;284,45;12,6591
2024;15027095;60002939;1502400;Castanhal;PA;Norte;municipal;2;21;1,71;38,09;723,3822;0,0;77,17;;80,0;;5,987;48,38;733,29;17,0;80,0;47;1890;40;728,38;1;207603,0;30433,52;168,29;12,2434
2024;35226480;60030502;3554102;Taubaté;SP;Sudeste;municipal;2;5;1,1052632;44,37;730,5738;1,5;84,805;50,1;80,0;5,73;5,09;51,91;740,39;15,0;80,0;59;2159;44;761,5594745;0;321298,0;70363,96;445,98;12,6801
2024;50037588;60039766;5008305;Três Lagoas;MS;Centro-Oeste;municipal;2;14;1,0;69,86;768,983;4,0;97,97;71,48;80,0;1,62;1,449;47,45;735,95;18,0;80,0;93;1634;20;747,14;0;141435,0;104371,73;9,97;11,8596
2024;29940502;60015862;2905701;Camaçari;BA;Nordeste;municipal;2;11;1,0;33,55;720,8822;0,0;88,485;40,43;80,0;6,88;6,636;36,78;724,86;23,0;80,0;51;2552;54;680,39;1;319394,0;85846,57;309,65;12,6742
2024;26046149;60012558;2611606;Recife;PE;Nordeste;municipal;2;10;1,07;62,39;749,1934;2,5;91,965;65,29;80,0;2,9;2,516;58,95;747,45;9,0;80,0;48;9918;200;628,84;1;1587707,0;41790,65;7037,61;14,2778
2024;15067715;60002103;1506500;Santa Izabel do Pará;PA;Norte;municipal;2;15;1,17;40,8;728,3112;0,5;83,515;46,98;80,0;6,18;5,6;48,38;733,29;17,0;80,0;18;766;23;709,08;1;78317,0;23342,89;82,86;11,2685
2024;15032224;60003046;1503093;Goianésia do Pará;PA;Norte;municipal;2;4;1,24;46,05;733,0481;1,0;79,93;51,56;80,0;5,51;4,85;48,38;733,29;17,0;80,0;43;300;11;665,4;1;27059,0;22018,96;4,33;10,2058
2024;28019175;60014377;2800308;Aracaju;SE;Nordeste;estadual;2;10;1,04;33,38;713,532;0,5;91,37;36,8;80,0;3,42;6,66;31,3;713,13;24,0;80,0;68;3664;73;689,82;1;628849,0;35448,7;3140,67;13,3516
2024;51024057;60040721;5107602;Rondonópolis;MT;Centro-Oeste;municipal;2;2;1,36;52,75;743,83;2,5;87,58500000000001;57,26;80,0;4,51;3,893;55,03;746,8;11,0;80,0;46;2966;43;761,03;0;259167,0;63928,86;47,0;12,4652
2024;15085628;60002176;1508209;Vigia;PA;Norte;municipal;2;14;1,14;29,77;715,4434;0,0;80,3;36,87;80,0;7,1;7,176;48,38;733,29;17,0;80,0;33;447;21;746,09;0;53806,0;11190,96;88,84;10,8932
2024;35396679;60025752;3550308;São Paulo;SP;Sudeste;estadual;2;15;1,0;50,16;738,0494;0,5;84,24000000000001;44,37;80,0;-5,79;4,263;51,91;740,39;15,0;80,0;74;94373;1110;770,5804818;0;11895578,0;89682,49;7387,69;16,2917
2024;26056466;60011463;2600104;Afogados da Ingazeira;PE;Nordeste;municipal;2;4;1,09;66,59;752,7225;3,5;96,025;68,77;80,0;2,18;1,916;58,95;747,45;9,0;80,0;45;387;8;765,85;0;42407,0;15351,26;92,9;10,6551
2024;33087549;60023561;3305505;Saquarema;RJ;Sudeste;municipal;2;5;1,12;63,54;747,8417;3,0;83,435;66,24;80,0;2,7;2,351;52,13;737,3;14,0;80,0;144;1186;30;748,88;0;95201,0;679626,68;209,96;11,4638
2024;35146025;60028263;3541000;Praia Grande;SP;Sudeste;municipal;2;1;1,2222222;50,73;738,3685;2,0;82,795;55,55;80,0;4,82;4,181;51,91;740,39;15,0;80,0;119;3853;30;796,360933;0;365577,0;31174,41;1776,09;12,8092
2024;33120777;60024917;3304557;Rio de Janeiro;RJ;Sudeste;municipal;2;5;1,07;56,19;741,2373;2,5;84,625;60,14;80,0;3,95;3,401;52,13;737,3;14,0;80,0;134;43411;687;738,87;1;6729894,0;62179,64;5265,81;15,7221
2024;33063574;60025474;3303500;Nova Iguaçu;RJ;Sudeste;municipal;2;14;1,14;33,23;719,388;0,0;79,785;40,13;80,0;6,9;6,681;52,13;737,3;14,0;80,0;89;6380;119;688,22;1;843046,0;24338,68;1527,6;13,6448
2024;43020442;60036933;4305108;Caxias do Sul;RS;Sul;municipal;2;1;1,4545455;69,15;752,3406;2,0;82,49;70,89;80,0;1,74;1,55;63,43;747,39;6,0;80,0;24;3664;105;760,1482988;0;479256,0;78998,7;264,89;13,08
2024;41028203;60032030;4116406;Nossa Senhora das Graças;PR;Sul;municipal;2;17;1,09;79,15;770,2633;4,5;85,0;79,27;80,0;0,12;0,121;73,12;757,21;2,0;80,0;39;39;1;776,39;0;3685,0;34440,43;20,65;8,2123
2024;41104485;60034302;4106902;Curitiba;PR;Sul;municipal;2;18;1,29;70,41;753,0573;3,5;80,41499999999999;71,93;80,0;1,52;1,37;73,12;757,21;2,0;80,0;91;12923;183;741,1;1;1829225,0;65637,24;4024,84;14,4194
2024;23057617;60008288;2302404;Boa Viagem;CE;Nordeste;municipal;2;13;1,0;80,04;792,1698;5,0;95,745;80,0;80,0;-0,04;-0,006;84,46;795,68;1,0;80,0;29;396;12;778,72;0;52169,0;13757,61;18,51;10,8623
2024;15074473;60002121;1507003;Santo Antônio do Tauá;PA;Norte;municipal;2;8;1,2;25,72;715,0566;0,0;83,3;32,94;80,0;7,22;7,754;48,38;733,29;17,0;80,0;22;331;16;748,48;0;29134,0;23590,68;49,61;10,2797
2024;35423669;60027764;3550308;São Paulo;SP;Sudeste;municipal;2;5;1,2;37,87;721,2607;0,5;84,24000000000001;44,37;80,0;6,5;6,019;51,91;740,39;15,0;80,0;49;94373;1110;746,4391694;0;11895578,0;89682,49;7387,69;16,2917
2024;52049324;60041603;5218508;Quirinópolis;GO;Centro-Oeste;municipal;2;19;1,0;66,97;752,9553;4,0;93,735;69,08;80,0;2,11;1,861;66,74;752,15;4,0;80,0;74;544;8;751,0;0;49986,0;62487,58;11,41;10,8195
2024;32046039;60022433;3203205;Linhares;ES;Sudeste;municipal;2;11;1,27;64,16;747,8288;3,0;87,78999999999999;66,76;80,0;2,6;2,263;67,93;753,72;3,0;80,0;62;2058;34;810,13;0;181912,0;55050,55;40,35;12,1113
2024;26011392;60011942;2606507;Iati;PE;Nordeste;municipal;2;2;1,0;66,34;757,8402;4,0;91,82;68,56;80,0;2,22;1,951;58,95;747,45;9,0;80,0;46;173;4;710,12;1;17605,0;13406,02;28,91;9,776
2024;31091904;60019683;3152105;Ponte Nova;MG;Sudeste;estadual;2;5;1,14;41,42;733,5263;3,5;87,53999999999999;57,17;80,0;15,75;5,511;59,81;751,71;8,0;80,0;42;433;15;691,45;1;59569,0;43547,13;121,94;10,9949
2024;51018479;60040475;5107040;Primavera do Leste;MT;Centro-Oeste;municipal;2;5;1,08;49,15;741,15;1,5;88,18;54,21;80,0;5,06;4,407;55,03;746,8;11,0;80,0;123;1060;10;795,37;0;92927,0;92235,94;9,52;11,4396
2024;33012563;60025719;3300704;Cabo Frio;RJ;Sudeste;municipal;2;16;1,4;54,58;742,9705;2,0;76,66499999999999;58,8;80,0;4,22;3,631;52,13;737,3;14,0;80,0;66;2212;36;759,37;0;238166,0;71229,61;453,75;12,3807
2024;43098737;60038977;4322400;Uruguaiana;RS;Sul;estadual;2;10;1,0434783;60,54;743,8871;2,0;76,955;64,39;80,0;3,85;2,78;63,43;747,39;6,0;80,0;78;966;33;740,1235096;1;120885,0;32390,73;21,95;11,7026
2024;43018949;60036909;4305108;Caxias do Sul;RS;Sul;municipal;2;3;1,125;69,15;752,3406;2,0;82,49;70,89;80,0;1,74;1,55;63,43;747,39;6,0;80,0;44;3664;105;816,5206279;0;479256,0;78998,7;264,89;13,08
2024;15022512;60003026;1502152;Canaã dos Carajás;PA;Norte;municipal;2;7;1,18;62,1;746,2473;3,0;79,59;65,05;80,0;2,95;2,557;48,38;733,29;17,0;80,0;175;1402;15;741,92;1;86629,0;191870,62;8,49;11,3694
2024;31056108;60020933;3147105;Pará de Minas;MG;Sudeste;municipal;2;3;1,08;53,51;743,0303;2,5;88,31;57,9;80,0;4,39;3,784;59,81;751,71;8,0;80,0;49;854;19;760,25;0;102033,0;50585,89;152,77;11,5331
2024;43006737;60039295;4304804;Carlos Barbosa;RS;Sul;municipal;2;17;1,1176471;67,4;753,0973;3,0;91,775;69,44;80,0;2,04;1,8;63,43;747,39;6,0;80,0;39;259;9;753,677192;0;31528,0;121006,09;110,17;10,3587
2024;35365292;60026961;3550308;São Paulo;SP;Sudeste;municipal;2;6;1,0740741;37,87;721,2607;0,5;84,24000000000001;44,37;80,0;6,5;6,019;51,91;740,39;15,0;80,0;54;94373;1110;728,3953817;1;11895578,0;89682,49;7387,69;16,2917
2024;15068221;60003299;1506559;Santa Luzia do Pará;PA;Norte;municipal;2;20;1,4;56,45;742,3848;1,0;74,42500000000001;60,36;80,0;3,91;3,364;48,38;733,29;17,0;80,0;115;158;4;752,91;0;21217,0;12177,03;14,32;9,9626
2024;31180327;60018050;3106200;Belo Horizonte;MG;Sudeste;municipal;2;1;1,26;57,61;748,4681;2,5;84,09;61,33;80,0;3,72;3,199;59,81;751,71;8,0;80,0;84;16012;262;754,38;0;2416339,0;53882,2;7167,02;14,6978
2024;22020508;60006707;2203909;Floriano;PI;Nordeste;municipal;2;10;1,0;49,16;737,7356;1,5;89,63;54,22;80,0;5,06;4,406;52,48;744,66;12,0;80,0;38;526;22;788,33;0;64150,0;26399,19;16,92;11,069
2024;29257744;60016902;2932705;Uruçuca;BA;Nordeste;municipal;2;21;1,0;30,01;715,2062;0,0;78,03;37,1;80,0;7,09;7,141;36,78;724,86;23,0;80,0;42;159;5;737,85;1;22130,0;17358,61;50,61;10,0047
2024;31167163;60019995;3127107;Frutal;MG;Sudeste;municipal;2;5;1,19;53,92;745,2123;3,0;88,31;58,24;80,0;4,32;3,726;59,81;751,71;8,0;80,0;103;525;9;736,99;1;60942,0;66075,43;22,03;11,0177
2024;31000996;60019034;3136702;Juiz de Fora;MG;Sudeste;municipal;2;2;1,18;43,63;732,5133;1,0;81,86500000000001;49,46;80,0;5,83;5,196;59,81;751,71;8,0;80,0;49;3343;94;722,12;1;565764,0;41133,1;359,59;13,2459
2024;28014049;60014157;2805505;Poço Verde;SE;Nordeste;municipal;2;16;1,04;30,77;713,8477;0,5;91,765;37,82;80,0;7,05;7,033;31,3;713,13;24,0;80,0;63;153;4;651,81;1;22214,0;17503,51;49,95;10,0085
2024;42040715;60034847;4205803;Garuva;SC;Sul;municipal;2;16;1,44;54,71;742,4538;2,5;76,66;58,9;80,0;4,19;3,613;61,38;747,11;7,0;80,0;10;230;6;783,42;0;19554,0;101362,33;29,44;9,881
2024;29948611;60017471;2927408;Salvador;BA;Nordeste;municipal;2;14;1,0;39,16;726,7501;0,0;85,995;45,52;80,0;6,36;5,834;36,78;724,86;23,0;80,0;83;12158;264;760,44;0;2568928,0;29856,34;3859,35;14,759
2024;26029080;60012406;2609600;Olinda;PE;Nordeste;municipal;2;6;1,31;59,57;746,3942;2,5;95,75;62,95;80,0;3,38;2,919;58,95;747,45;9,0;80,0;34;2716;56;812,33;0;365402,0;19225,17;9068,36;12,8088
2024;41121402;60032785;4105300;Céu Azul;PR;Sul;municipal;2;5;1,04;81,6;766,8886;5,0;89,16499999999999;80,0;80,0;-1,6;-0,229;73,12;757,21;2,0;80,0;46;130;5;769,17;0;11251,0;95154,48;9,35;9,3283
2024;52003700;60041187;5208707;Goiânia;GO;Centro-Oeste;municipal;2;9;1,08;66,56;750,6494;3,0;84,00999999999999;68,74;80,0;2,18;1,92;66,74;752,15;4,0;80,0;72;8840;164;751,5;0;1494599,0;50703,13;1776,75;14,2174
2024;52054077;60040906;5212808;Mara Rosa;GO;Centro-Oeste;municipal;2;2;1,04;69,6;753,5243;4,0;93,52;71,26;80,0;1,66;1,486;66,74;752,15;4,0;80,0;92;131;3;804,76;0;10815,0;38051,6;6,31;9,2888
2024;29119446;60016440;2917409;Jacaraci;BA;Nordeste;municipal;2;6;1,0;63,77;753,4238;2,5;84,07499999999999;66,43;80,0;2,66;2,319;36,78;724,86;23,0;80,0;34;102;4;800,17;0;14901,0;10113,15;11,05;9,6093
2024;29204944;60016079;2927408;Salvador;BA;Nordeste;municipal;2;21;1,0;39,16;726,7501;0,0;85,995;45,52;80,0;6,36;5,834;36,78;724,86;23,0;80,0;57;12158;264;697,44;1;2568928,0;29856,34;3859,35;14,759
2024;21007740;60004421;2111300;São Luís;MA;Nordeste;municipal;2;12;1,17;47,49;736,9393;1,5;85,605;52,79;80,0;5,3;4,644;56,43;749,92;10,0;80,0;134;6251;109;699,04;1;1088057,0;38958,48;1215,69;13,8999
2024;35236440;60029624;3505708;Barueri;SP;Sudeste;municipal;2;15;1,3333333;62,8;753,8222;3,0;85,125;65,63;80,0;2,83;2,457;51,91;740,39;15,0;80,0;116;4293;53;811,0257937;0;330339,0;216888,44;3639,94;12,7079
2024;17017784;60004088;1701051;Angico;TO;Norte;municipal;2;6;1,13;40,16;728,7895;1,5;88,97;46,41;80,0;6,25;5,691;43,72;734,29;20,0;80,0;34;34;1;754,74;0;2918,0;18654,22;7,03;7,979
2024;32010278;60022754;3200409;Anchieta;ES;Sudeste;municipal;2;10;1,19;81,82;769,2525;5,0;92,045;80,0;80,0;-1,82;-0,26;67,93;753,72;3,0;80,0;35;385;15;740,45;1;32584,0;71126,29;58,61;10,3916
2024;15007830;60001849;1500800;Ananindeua;PA;Norte;estadual;2;10;1,08;55,62;741,2151;2,0;82,005;62,51;80,0;6,89;3,483;48,38;733,29;17,0;80,0;41;4114;86;666,81;1;507838,0;22593,62;2477,56;13,1379
2024;35215372;60026551;3552403;Sumaré;SP;Sudeste;estadual;2;16;1,0434783;56,87;749,6636;2,0;87,15;57,39;80,0;0,52;3,304;51,91;740,39;15,0;80,0;91;2702;30;792,2152664;0;289787,0;65655,44;1577,14;12,5769
2024;29946654;60016080;2927408;Salvador;BA;Nordeste;municipal;2;18;1,0;39,16;726,7501;0,0;85,995;45,52;80,0;6,36;5,834;36,78;724,86;23,0;80,0;53;12158;264;696,31;1;2568928,0;29856,34;3859,35;14,759
2024;35109881;60030689;3512407;Cordeirópolis;SP;Sudeste;municipal;2;8;1,04;74,43;766,3134;3,5;93,67;75,28;80,0;0,85;0,796;51,91;740,39;15,0;80,0;25;324;6;815,9422982;0;25130,0;165854,16;153,22;10,1319
2024;29220389;60017700;2927408;Salvador;BA;Nordeste;municipal;2;21;1,0;39,16;726,7501;0,0;85,995;45,52;80,0;6,36;5,834;36,78;724,86;23,0;80,0;46;12158;264;742,52;1;2568928,0;29856,34;3859,35;14,759
2024;24002492;60010075;2408102;Natal;RN;Nordeste;municipal;2;7;1,33;34,5;722,4743;;;;;;;37,24;724,89;22,0;80,0;36;3717;103;741,8;1;785368,0;39678,27;4808,2;13,5739
2024;35352708;60025894;3550308;São Paulo;SP;Sudeste;estadual;2;8;1,0833333;50,16;738,0494;0,5;84,24000000000001;44,37;80,0;-5,79;4,263;51,91;740,39;15,0;80,0;197;94373;1110;836,0824247;0;11895578,0;89682,49;7387,69;16,2917
2024;43080215;60038376;4317103;Sant'Ana do Livramento;RS;Sul;estadual;2;17;1,2;59,54;743,5943;1,0;75,50999999999999;54,72;80,0;-4,82;2,923;63,43;747,39;6,0;80,0;20;680;31;701,3794331;1;87296,0;36010,97;11,86;11,3771
2024;51038106;60040374;5103403;Cuiabá;MT;Centro-Oeste;municipal;2;20;1,23;53,94;744,14;1,5;83,12;58,26;80,0;4,32;3,723;55,03;746,8;11,0;80,0;93;5876;76;677,85;1;682932,0;57181,03;163,88;13,4342
2024;29247026;60017811;2930808;Souto Soares;BA;Nordeste;municipal;2;18;1,0;25,49;717,7908;0,0;97,12;32,71;80,0;7,22;7,787;36,78;724,86;23,0;80,0;53;132;6;760,09;0;17674,0;10026,2;16,01;9,7799
2024;22020282;60006840;2210938;Sussuapara;PI;Nordeste;municipal;2;6;1,11;27,08;723,4224;1,0;92,56;34,28;80,0;7,2;7,56;52,48;744,66;12,0;80,0;52;62;2;729,73;1;6345,0;13442,55;29,7;8,7556
2024;33092863;60023393;3306008;Três Rios;RJ;Sudeste;municipal;2;4;1,16;53,49;734,6643;2,0;85,47;57,88;80,0;4,39;3,787;52,13;737,3;14,0;80,0;19;636;19;672,46;1;82300,0;73118,3;237,42;11,3181
2024;35416258;60026980;3550308;São Paulo;SP;Sudeste;municipal;2;5;1,25;37,87;721,2607;0,5;84,24000000000001;44,37;80,0;6,5;6,019;51,91;740,39;15,0;80,0;73;94373;1110;734,4160589;1;11895578,0;89682,49;7387,69;16,2917
2024;43015881;60036831;4304705;Carazinho;RS;Sul;estadual;2;5;1,1875;74,59;755,2537;2,0;84,36500000000001;66,52;80,0;-8,07;0,773;63,43;747,39;6,0;80,0;28;547;23;775,9860332;0;63638,0;58847,97;89,19;11,061
2024;33006275;60023994;3300456;Belford Roxo;RJ;Sudeste;municipal;2;2;1,19;34,73;722,0196;0,0;74,895;41,51;80,0;6,78;6,467;52,13;737,3;14,0;80,0;32;3174;67;725,82;1;518263,0;18690,01;6031,38;13,1582
2024;35176465;60026340;3549706;São José do Rio Pardo;SP;Sudeste;estadual;2;6;1,03125;64,4;752,8091;2,0;90,88499999999999;52,98;80,0;-11,42;2,229;51,91;740,39;15,0;80,0;63;415;10;731,1451214;1;53416,0;53859,76;123,81;10,8859
2024;43037407;60037343;4309308;Guaíba;RS;Sul;municipal;2;6;1,3333333;49,72;734,0885;0,5;79,11;54,7;80,0;4,98;4,326;63,43;747,39;6,0;80,0;132;946;26;738,589282;1;95956,0;93811,59;252,57;11,4717
2024;35060790;60029536;3535101;Palmares Paulista;SP;Sudeste;municipal;2;6;1,04;82,65;773,0297;4,5;97,305;80,0;80,0;-2,65;-0,379;51,91;740,39;15,0;80,0;49;98;2;808,8385498;0;9709,0;21592,95;133,14;9,1809
2024;33064391;60025300;3303500;Nova Iguaçu;RJ;Sudeste;municipal;2;21;1,09;33,23;719,388;0,0;79,785;40,13;80,0;6,9;6,681;52,13;737,3;14,0;80,0;83;6380;119;713,92;1;843046,0;24338,68;1527,6;13,6448
2024;35233048;60029360;3556107;Valentim Gentil;SP;Sudeste;municipal;2;21;1,0454545;67,1;762,8183;4,0;88,405;69,19;80,0;2,09;1,843;51,91;740,39;15,0;80,0;134;134;1;813,3569185;0;14531,0;38927,33;73,72;9,5841
2024;15020178;60001767;1501808;Breves;PA;Norte;municipal;2;17;1,2;44,0;730,2004;1,5;81,34;49,78;80,0;5,78;5,143;48,38;733,29;17,0;80,0;31;990;20;739,2;1;115051,0;13170,25;9,72;11,6531
2024;43068692;60039326;4314902;Porto Alegre;RS;Sul;municipal;2;1;1,8571429;40,04;726,7029;;;;;;;63,43;747,39;6,0;80,0;65;7389;236;708,1677692;1;1389322,0;75391,65;2837,52;14,1443
2024;16003012;60003745;1600303;Macapá;AP;Norte;municipal;2;18;1,07;43,33;734,2328;1,0;91,06;49,2;80,0;5,87;5,239;41,56;732,43;21,0;80,0;176;6536;104;826,91;0;487200,0;37912,27;62,14;13,0964
2024;35055641;60028901;3510500;Caraguatatuba;SP;Sudeste;municipal;2;18;1,047619;54,34;744,5013;2,0;88,805;58,59;80,0;4,25;3,666;51,91;740,39;15,0;80,0;58;1504;23;712,5419671;1;141084,0;41271,97;207,76;11,8571
2024;31005274;60020603;3135100;Janaúba;MG;Sudeste;estadual;2;5;1,05;54,68;748,3439;2,0;94,86500000000001;54,63;80,0;-0,05;3,617;59,81;751,71;8,0;80,0;39;742;16;791,27;0;73281,0;26816,79;30,63;11,2021
2024;52069568;60041910;5200258;Águas Lindas de Goiás;GO;Centro-Oeste;municipal;2;4;1,04;48,9;733,535;1,5;88,5;54,0;80,0;5,1;4,443;66,74;752,15;4,0;80,0;79;2979;42;697,14;1;240613,0;12726,6;846,03;12,3909
2024;35014876;60027248;3504008;Assis;SP;Sudeste;municipal;2;3;1,3333333;43,37;729,8053;1,5;90,97;49,23;80,0;5,86;5,233;51,91;740,39;15,0;80,0;76;869;19;717,1824441;1;104642,0;44748,85;206,7;11,5583
2024;32035835;60022999;3200706;Atílio Vivácqua;ES;Sudeste;municipal;2;18;1,0;74,57;766,0941;4,0;91,72;75,4;80,0;0,83;0,776;67,93;753,72;3,0;80,0;50;113;4;783,9;0;11013,0;41209,39;43,43;9,3069
2024;50040848;60039703;5002704;Campo Grande;MS;Centro-Oeste;municipal;2;1;1,19;41,61;726,7477;1,5;86,66499999999999;47,69;80,0;6,08;5,484;47,45;735,95;18,0;80,0;114;10001;98;732,81;1;954537,0;44283,01;97,22;13,769
2024;51020701;60040497;5105200;Juscimeira;MT;Centro-Oeste;municipal;2;15;1,0;48,65;741,9;2,0;88,07;53,79;80,0;5,14;4,479;55,03;746,8;11,0;80,0;78;138;4;790,83;0;11620,0;47766,7;5,18;9,3606
2024;25022408;60010766;2504009;Campina Grande;PB;Nordeste;municipal;2;4;1,07;42,4;730,5838;1,0;85,455;48,39;80,0;5,99;5,371;51,12;741,6;16,0;80,0;88;2736;84;747,65;0;440939,0;29275,58;648,31;12,9967
2024;35224181;60028856;3535606;Paraibuna;SP;Sudeste;municipal;2;4;1,1764706;63,5;754,0246;2,5;90,405;66,21;80,0;2,71;2,357;51,91;740,39;15,0;80,0;112;183;4;702,9666894;1;17950,0;22761,5;21,48;9,7954
2024;35306236;60030296;3534401;Osasco;SP;Sudeste;municipal;2;19;1,16;45,95;730,4882;1,0;85,66;51,47;80,0;5,52;4,864;51,91;740,39;15,0;80,0;155;6664;56;778,8954022;0;756952,0;157743,23;10411,79;13,5371
2024;22006676;60007056;2208304;Piracuruca;PI;Nordeste;municipal;2;8;1,0;75,64;768,6582;4,5;98,365;76,3;80,0;0,66;0,623;52,48;744,66;12,0;80,0;54;394;11;760,79;0;29849,0;15567,56;11,57;10,3039
2024;35152376;60030156;3551801;Sete Barras;SP;Sudeste;municipal;2;4;1,2352941;66,79;761,4732;2,5;88,37;68,93;80,0;2,14;1,887;51,91;740,39;15,0;80,0;53;143;3;747,2237257;0;12912,0;35768,97;12,34;9,466
2024;35077507;60029258;3505005;Barão de Antonina;SP;Sudeste;municipal;2;15;1,1333333;65,56;753,1199;3,0;88,31;67,91;80,0;2,35;2,063;51,91;740,39;15,0;80,0;40;40;1;782,2246479;0;3618,0;22223,05;20,35;8,194
2024;52058885;60041492;5221551;Turvelândia;GO;Centro-Oeste;municipal;2;2;1,0;68,16;752,7613;4,0;94,75;70,07;80,0;1,91;1,691;66,74;752,15;4,0;80,0;69;69;1;767,04;0;5130,0;147626,9;4,71;8,5431
2024;24025002;60009710;2407203;Macau;RN;Nordeste;estadual;2;19;1,17;40,52;733,127;0,0;77,575;34,46;80,0;-6,06;5,64;37,24;724,89;22,0;80,0;23;179;8;689,95;1;28384,0;46352,87;36,74;10,2536
2024;41002804;60032929;4108403;Francisco Beltrão;PR;Sul;municipal;2;15;1,06;79,67;762,0057;4,0;89,32499999999999;79,72;80,0;0,05;0,047;73,12;757,21;2,0;80,0;36;1041;20;762,31;0;101302,0;44672,4;107,39;11,5259
2024;53001606;60042140;5300108;Brasília;DF;Centro-Oeste;estadual;2;3;1,07;;;;;;;;;;;;;50;22111;360;772,97;0;2982818,0;122591,83;444,07;14,9084
2024;43044298;60037516;4311403;Lajeado;RS;Sul;estadual;2;7;1,1538462;63,66;742,3591;2,5;87,53999999999999;75,49;80,0;11,83;2,334;63,43;747,39;6,0;80,0;13;733;26;780,2158243;0;96651,0;69375,66;793,06;11,4789
2024;35031816;60028300;3550100;São Manuel;SP;Sudeste;municipal;2;16;1,0384615;59,7;749,3551;2,5;93,64500000000001;63,06;80,0;3,36;2,9;51,91;740,39;15,0;80,0;64;414;7;790,6911398;0;38166,0;49517,29;58,92;10,5497
2024;26062540;60013072;2612455;Santa Cruz;PE;Nordeste;municipal;2;9;1,0;69,26;759,3348;3,0;95,41;70,98;80,0;1,72;1,534;58,95;747,45;9,0;80,0;52;154;6;781,12;0;14320,0;10902,58;10,82;9,5695
2024;35242887;60030362;3516309;Francisco Morato;SP;Sudeste;municipal;2;13;1,0416667;50,64;739,9182;2,0;87,095;55,48;80,0;4,84;4,194;51,91;740,39;15,0;80,0;112;2160;21;703,3375059;1;171107,0;13076,43;3130,45;12,0501
2024;42042928;60035536;4208906;Jaraguá do Sul;SC;Sul;municipal;2;8;1,71;72,79;758,0717;4,0;79,6;73,91;80,0;1,12;1,03;61,38;747,11;7,0;80,0;82;1670;38;750,74;0;195753,0;79228,74;268,73;12,1846
2024;31111391;60021407;3170800;Várzea da Palma;MG;Sudeste;municipal;2;11;1,0;61,71;759,1668;3,5;92,8;64,73;80,0;3,02;2,613;59,81;751,71;8,0;80,0;33;302;7;768,46;0;34639,0;39024,05;16,13;10,4528
2024;35286674;60029240;3523107;Itaquaquecetuba;SP;Sudeste;municipal;2;8;1,0416667;42,98;728,2914;1,5;91,325;48,89;80,0;5,91;5,289;51,91;740,39;15,0;80,0;99;4693;39;678,4809886;1;382521,0;31316,61;3877,73;12,8545
2024;28003436;60014094;2801405;Carira;SE;Nordeste;municipal;2;10;1,08;33,52;714,9567;0,0;91,44;40,4;80,0;6,88;6,64;31,3;713,13;24,0;80,0;26;123;5;738,53;1;20315,0;35627,32;31,44;9,9192
2024;15051727;60002619;1505064;Novo Repartimento;PA;Norte;municipal;2;8;1,17;55,6;736,802;1,5;82,39;59,65;80,0;4,05;3,486;48,38;733,29;17,0;80,0;40;707;19;747,99;0;63754,0;22059,79;4,03;11,0628
2024;35161883;60030947;3541505;Presidente Venceslau;SP;Sudeste;municipal;2;20;1,0;60,06;751,7854;3,5;95,945;63,36;80,0;3,3;2,849;51,91;740,39;15,0;80,0;33;254;6;759,3560648;0;35902,0;30535,85;50,1;10,4886
2024;35431824;60026502;3550308;São Paulo;SP;Sudeste;estadual;2;2;1,2692308;50,16;738,0494;0,5;84,24000000000001;44,37;80,0;-5,79;4,263;51,91;740,39;15,0;80,0;132;94373;1110;684,9480656;1;11895578,0;89682,49;7387,69;16,2917
2024;35314737;60029719;3548807;São Caetano do Sul;SP;Sudeste;municipal;2;3;1,125;60,95;751,4036;3,0;88,34;64,1;80,0;3,15;2,721;51,91;740,39;15,0;80,0;48;1096;18;787,5035051;0;172109,0;131041,65;9708,79;12,0559
2024;42032595;60034753;4205902;Gaspar;SC;Sul;estadual;2;4;1,49;68,23;749,8362;;;;;;;61,38;747,11;7,0;80,0;57;624;18;724,99;1;76982,0;65716,0;150,07;11,2513
2024;52005222;60041214;5208707;Goiânia;GO;Centro-Oeste;municipal;2;17;1,04;66,56;750,6494;3,0;84,00999999999999;68,74;80,0;2,18;1,92;66,74;752,15;4,0;80,0;75;8840;164;759,38;0;1494599,0;50703,13;1776,75;14,2174
2024;52062817;60041685;5220009;São João d'Aliança;GO;Centro-Oeste;municipal;2;5;1,09;81,82;767,3783;5,0;90,065;80,0;80,0;-1,82;-0,26;66,74;752,15;4,0;80,0;94;178;4;776,85;0;14757,0;40473,67;3,08;9,5995
2024;35364092;60026784;3550308;São Paulo;SP;Sudeste;municipal;2;5;1,3809524;37,87;721,2607;0,5;84,24000000000001;44,37;80,0;6,5;6,019;51,91;740,39;15,0;80,0;69;94373;1110;703,0215699;1;11895578,0;89682,49;7387,69;16,2917
2024;24021346;60009873;2409209;Passagem;RN;Nordeste;municipal;2;5;1,28;47,42;732,2054;1,5;78,57;52,73;80,0;5,31;4,654;37,24;724,89;22,0;80,0;24;24;1;768,6;0;3222,0;14457,79;70,24;8,0781
2024;35229963;60030781;3537800;Piedade;SP;Sudeste;municipal;2;2;1,1578947;58,57;745,6869;2,5;94,58;62,12;80,0;3,55;3,061;51,91;740,39;15,0;80,0;95;622;17;773,022838;0;54237,0;33918,76;69,82;10,9011
2024;23088978;60008943;2312908;Sobral;CE;Nordeste;municipal;2;3;1,0;98,74;840,1149;5,0;97,035;80,0;80,0;-18,74;-2,677;84,46;795,68;1,0;80,0;159;2307;34;784,29;0;215286,0;30605,47;88,67;12,2797
2024;28005113;60014571;2801702;Cristinápolis;SE;Nordeste;municipal;2;9;1,0;24,74;703,0935;0,0;95,97999999999999;31,96;80,0;7,22;7,894;31,3;713,13;24,0;80,0;24;185;7;646,92;1;17539,0;33634,41;69,94;9,7722
2024;31024021;60017962;3106200;Belo Horizonte;MG;Sudeste;estadual;2;13;1,16;65,95;757,7534;2,5;84,09;61,33;80,0;-4,62;2,007;59,81;751,71;8,0;80,0;103;16012;262;796,59;0;2416339,0;53882,2;7167,02;14,6978
2024;35301362;60027533;3534401;Osasco;SP;Sudeste;municipal;2;2;1,1111111;45,95;730,4882;1,0;85,66;51,47;80,0;5,52;4,864;51,91;740,39;15,0;80,0;164;6664;56;803,4759224;0;756952,0;157743,23;10411,79;13,5371
2024;35047510;60031766;3509502;Campinas;SP;Sudeste;estadual;2;6;1,0645161;58,44;751,3349;1,0;86,725;47,76;80,0;-10,68;3,08;51,91;740,39;15,0;80,0;127;8899;141;824,7398442;0;1185977,0;77546,47;1358,63;13,9861
2024;31106912;60018207;3149309;Pedro Leopoldo;MG;Sudeste;estadual;2;18;1,0;57,89;749,7745;2,5;88,315;62,5;80,0;4,61;3,159;59,81;751,71;8,0;80,0;134;602;14;803,22;0;64910,0;38736,36;200,49;11,0808
2024;50003005;60039692;5002704;Campo Grande;MS;Centro-Oeste;municipal;2;8;1,12;41,61;726,7477;1,5;86,66499999999999;47,69;80,0;6,08;5,484;47,45;735,95;18,0;80,0;254;10001;98;778,69;0;954537,0;44283,01;97,22;13,769
2024;15029225;60003432;1502806;Curralinho;PA;Norte;municipal;2;18;1,1;25,06;709,5851;0,0;76,81;32,28;80,0;7,22;7,849;48,38;733,29;17,0;80,0;102;510;20;645,24;1;36451,0;10886,72;7,89;10,5038
2024;31022742;60021822;3127008;Fronteira;MG;Sudeste;municipal;2;20;1,09;52,87;739,9748;3,0;93,505;57,36;80,0;4,49;3,876;59,81;751,71;8,0;80,0;66;135;2;757,16;0;14909,0;73139,31;70,21;9,6098
2024;51000061;60040126;5100250;Alta Floresta;MT;Centro-Oeste;municipal;2;16;1,15;53,52;744,67;3,0;88,50999999999999;57,91;80,0;4,39;3,783;55,03;746,8;11,0;80,0;100;657;8;799,84;0;61291,0;49511,23;5,34;11,0234
2024;31111690;60022022;3131703;Itabira;MG;Sudeste;estadual;2;19;1,0;56,87;749,9374;2,5;87,155;60,96;80,0;4,09;3,304;59,81;751,71;8,0;80,0;25;989;23;762,04;0;117747,0;63137,07;87,57;11,6763
2024;43004316;60036444;4309654;Hulha Negra;RS;Sul;municipal;2;12;1,1666667;70,19;756,2162;2,5;78,22;71,75;80,0;1,56;1,401;63,43;747,39;6,0;80,0;18;63;4;752,1279765;0;6102,0;37505,74;7,34;8,7165
2024;24006892;60009992;2412005;São Gonçalo do Amarante;RN;Nordeste;estadual;2;9;1,09;33,22;720,1765;1,0;74,94;56,91;80,0;23,69;6,683;37,24;724,89;22,0;80,0;23;712;26;699,71;1;123207,0;21009,88;351,91;11,7216
2024;35277970;60028492;3525003;Jandira;SP;Sudeste;municipal;2;5;1,1;44,87;730,2764;1,5;87,33500000000001;50,54;80,0;5,67;5,019;51,91;740,39;15,0;80,0;40;912;14;697,5451144;1;121988,0;45472,56;6124,59;11,7117
2024;33139634;60024806;3304557;Rio de Janeiro;RJ;Sudeste;municipal;2;14;1,16;56,19;741,2373;2,5;84,625;60,14;80,0;3,95;3,401;52,13;737,3;14,0;80,0;124;43411;687;641,26;1;6729894,0;62179,64;5265,81;15,7221
2024;35056905;60031362;3520400;Ilhabela;SP;Sudeste;municipal;2;11;1,2222222;44,16;729,8568;1,0;85,94;49,92;80,0;5,76;5,12;51,91;740,39;15,0;80,0;18;410;11;743,4608804;0;36329,0;408233,5;81,13;10,5004
2024;50023692;60039848;5004502;Itaporã;MS;Centro-Oeste;municipal;2;3;1,05;69,03;759,9415;2,5;89,16499999999999;70,79;80,0;1,76;1,567;47,45;735,95;18,0;80,0;109;243;5;759,14;0;25075,0;60843,63;15,79;10,1297
2024;31114366;60022217;3157708;Santa Juliana;MG;Sudeste;municipal;2;2;1,0;62,9;748,9472;2,5;95,36;65,71;80,0;2,81;2,443;59,81;751,71;8,0;80,0;51;210;4;783,42;0;16568,0;55050,28;15,66;9,7153
2024;41132941;60032711;4104808;Cascavel;PR;Sul;municipal;2;14;1,33;80,11;766,3159;4,5;84,675;80,0;80,0;-0,11;-0,016;73,12;757,21;2,0;80,0;123;3374;59;768,4;0;364104,0;52743,66;136,23;12,8052
2024;26019522;60012070;2606200;Goiana;PE;Nordeste;municipal;2;17;1,11;53,14;739,0293;1,5;87,92;57,59;80,0;4,45;3,837;58,95;747,45;9,0;80,0;64;702;24;710,47;1;85160,0;163147,29;150,72;11,3523
2024;35356777;60026588;3550308;São Paulo;SP;Sudeste;estadual;2;7;1,1428571;50,16;738,0494;0,5;84,24000000000001;44,37;80,0;-5,79;4,263;51,91;740,39;15,0;80,0;134;94373;1110;764,3993278;0;11895578,0;89682,49;7387,69;16,2917
2024;42019571;60035510;4218301;Três Barras;SC;Sul;municipal;2;11;1,49;49,8;734,8943;1,0;73,22;54,77;80,0;4,97;4,314;61,38;747,11;7,0;80,0;80;234;6;742,46;1;20373,0;101119,62;41,38;9,922
2024;42058548;60036207;4208104;Itaiópolis;SC;Sul;municipal;2;12;1,11;65,52;750,7749;2,5;79,95;67,88;80,0;2,36;2,069;61,38;747,11;7,0;80,0;30;247;10;731,37;1;22741,0;61767,82;15,67;10,032
2024;42056576;60035626;4205704;Garopaba;SC;Sul;municipal;2;21;1,18;70,59;759,0544;4,0;76,24;72,08;80,0;1,49;1,344;61,38;747,11;7,0;80,0;61;342;10;795,48;0;32962,0;30499,0;156,96;10,4031
2024;51011520;60040119;5102850;Castanheira;MT;Centro-Oeste;municipal;2;15;1,05;63,1;758,38;3,0;84,515;65,88;80,0;2,78;2,414;55,03;746,8;11,0;80,0;60;81;3;782,93;0;7459,0;35065,96;2,22;8,9173
2024;35003312;60028793;3501608;Americana;SP;Sudeste;municipal;2;3;1,1111111;58,55;748,3147;2,5;91,66499999999999;62,11;80,0;3,56;3,064;51,91;740,39;15,0;80,0;78;1516;28;696,4956701;1;246655,0;71357,02;1579,59;12,4157
2024;33009877;60025645;3301207;Carmo;RJ;Sudeste;municipal;2;19;1,36;43,6;728,8454;2,0;86,65;49,44;80,0;5,84;5,2;52,13;737,3;14,0;80,0;30;140;4;744,24;0;17740,0;37872,94;54,07;9,7836
2024;23042377;60008498;2307601;Limoeiro do Norte;CE;Nordeste;municipal;2;21;1,0;87,84;801,3648;5,0;91,66;80,0;80,0;-7,84;-1,12;84,46;795,68;1,0;80,0;29;524;16;773,17;0;62285,0;29767,44;74,84;11,0395
2024;42080905;60036127;4217501;Seara;SC;Sul;municipal;2;19;1,43;83,55;772,7912;4,5;83,85499999999999;80,0;80,0;-3,55;-0,507;61,38;747,11;7,0;80,0;38;239;7;752,26;0;19241,0;78304,04;54,19;9,8649
2024;23036405;60009227;2313401;Tianguá;CE;Nordeste;municipal;2;3;1,0;84,36;796,1294;5,0;96,13;80,0;80,0;-4,36;-0,623;84,46;795,68;1,0;80,0;45;1093;27;755,04;0;86137,0;26298,26;75,8;11,3637
2024;31053031;60020361;3131307;Ipatinga;MG;Sudeste;municipal;2;20;1,35;64,66;754,7389;3,5;88,455;67,17;80,0;2,51;2,191;59,81;751,71;8,0;80,0;67;1931;41;737,63;1;235445,0;71652,57;1452,34;12,3692
2024;33040606;60025283;3302403;Macaé;RJ;Sudeste;municipal;2;3;1,63;59,86;743,6507;2,0;78,08000000000001;63,19;80,0;3,33;2,877;52,13;737,3;14,0;80,0;149;2721;43;725,32;1;264138,0;84784,7;169,89;12,4842
2024;42028462;60034617;4204608;Criciúma;SC;Sul;municipal;2;5;1,18;59,07;745,4503;2,0;83,42500000000001;62,54;80,0;3,47;2,99;61,38;747,11;7,0;80,0;57;2022;56;797,36;0;225281,0;54774,03;816,15;12,3251
2024;26012391;60011965;2608800;Lajedo;PE;Nordeste;municipal;2;19;1,05;47,71;741,2816;1,5;93,325;52,98;80,0;5,27;4,613;58,95;747,45;9,0;80,0;19;407;12;759,93;0;41786,0;16906,79;193,7;10,6403
2024;25009817;60010430;2513968;São Domingos;PB;Nordeste;municipal;2;14;1,14;83,33;773,9744;3,5;91,37;80,0;80,0;-3,33;-0,476;51,12;741,6;16,0;80,0;22;22;1;767,06;0;2636,0;16717,75;16,88;7,8774
2024;29049012;60017099;2907103;Carinhanha;BA;Nordeste;municipal;2;2;1,0;28,55;718,6228;0,0;89,205;35,7;80,0;7,15;7,35;36,78;724,86;23,0;80,0;37;316;13;704,27;1;30375,0;12412,67;10,37;10,3214
2024;33131629;60024671;3304557;Rio de Janeiro;RJ;Sudeste;municipal;2;9;1,14;56,19;741,2373;2,5;84,625;60,14;80,0;3,95;3,401;52,13;737,3;14,0;80,0;93;43411;687;779,85;0;6729894,0;62179,64;5265,81;15,7221
2024;31188522;60020812;3161106;São Francisco;MG;Sudeste;municipal;2;9;1,04;46,23;737,4676;1,5;91,075;51,71;80,0;5,48;4,824;59,81;751,71;8,0;80,0;68;612;19;767,57;0;54239,0;15842,64;16,27;10,9012
2024;33096681;60023659;3306305;Volta Redonda;RJ;Sudeste;municipal;2;3;1,32;60,12;744,2968;3,0;83,9;63,41;80,0;3,29;2,84;52,13;737,3;14,0;80,0;135;2463;42;767,84;0;279898,0;54689,98;1412,75;12,5422
2024;22032601;60006943;2211001;Teresina;PI;Nordeste;municipal;2;11;1,07;48,21;738,1982;1,5;91,265;53,41;80,0;5,2;4,541;52,48;744,66;12,0;80,0;120;6896;125;755,68;0;902644,0;32625,34;584,95;13,7131
2024;17016484;60004232;1718204;Porto Nacional;TO;Norte;municipal;2;11;1,14;56,8;748,9952;1,5;80,825;60,65;80,0;3,85;3,314;43,72;734,29;20,0;80,0;143;713;16;751,7;0;68555,0;46617,96;11,04;11,1354
2024;29158071;60017459;2922250;Muquém do São Francisco;BA;Nordeste;municipal;2;8;1,0;30,98;722,8737;0,0;92,065;38,02;80,0;7,04;7,003;36,78;724,86;23,0;80,0;37;118;6;741,49;1;10796,0;24725,55;2,82;9,287
2024;26023033;60012179;2604205;Catende;PE;Nordeste;municipal;2;8;1,2;44,6;738,4264;0,5;87,97;50,3;80,0;5,7;5,057;58,95;747,45;9,0;80,0;131;267;5;662,51;1;33279,0;11721,36;182,49;10,4127
2024;52025268;60041316;5208004;Formosa;GO;Centro-Oeste;municipal;2;7;1,29;63,28;749,1132;3,0;91,39;66,03;80,0;2,75;2,389;66,74;752,15;4,0;80,0;45;1171;34;787,91;0;120478,0;32522,44;17,22;11,6992
2024;43086230;60038568;4318309;São Gabriel;RS;Sul;municipal;2;20;1,2666667;61,13;746,6991;1,5;81,31;64,25;80,0;3,12;2,696;63,43;747,39;6,0;80,0;32;533;21;716,5341796;1;60102,0;44639,55;12,03;11,0038
2024;21011690;60006043;2102705;Cantanhede;MA;Nordeste;municipal;2;21;1,05;53,04;745,7131;3,0;93,215;57,5;80,0;4,46;3,851;56,43;749,92;10,0;80,0;39;208;8;773,29;0;24976,0;9339,89;26,45;10,1257
2024;33049976;60025292;3302858;Mesquita;RJ;Sudeste;municipal;2;20;1,28;37,82;724,3736;0,0;80,815;44,32;80,0;6,5;6,026;52,13;737,3;14,0;80,0;52;1227;18;726,39;1;178803,0;16940,47;4310,48;12,094
2024;41017383;60033547;4106902;Curitiba;PR;Sul;municipal;2;8;1,15;70,41;753,0573;3,5;80,41499999999999;71,93;80,0;1,52;1,37;73,12;757,21;2,0;80,0;50;12923;183;700,51;1;1829225,0;65637,24;4024,84;14,4194
2024;26048437;60012456;2611606;Recife;PE;Nordeste;municipal;2;5;1,0;62,39;749,1934;2,5;91,965;65,29;80,0;2,9;2,516;58,95;747,45;9,0;80,0;47;9918;200;694,09;1;1587707,0;41790,65;7037,61;14,2778
2024;33041495;60023346;3302403;Macaé;RJ;Sudeste;municipal;2;8;1,67;59,86;743,6507;2,0;78,08000000000001;63,19;80,0;3,33;2,877;52,13;737,3;14,0;80,0;137;2721;43;758,65;0;264138,0;84784,7;169,89;12,4842
2024;31176449;60021873;3144102;Muzambinho;MG;Sudeste;municipal;2;8;1,08;43,36;734,1866;2,5;90,30000000000001;49,23;80,0;5,87;5,234;59,81;751,71;8,0;80,0;66;181;6;691,98;1;22527,0;32975,23;49,84;10,0225
2024;35000834;60028383;3526001;Junqueirópolis;SP;Sudeste;municipal;2;16;1,0;76,94;776,0051;4,5;95,905;77,4;80,0;0,46;0,437;51,91;740,39;15,0;80,0;65;191;3;837,4989496;0;20878,0;45065,19;32,12;9,9465
2024;11008154;60000306;1101302;Mirante da Serra;RO;Norte;municipal;2;9;1,22;59,21;753,8327;3,0;85,945;62,66;80,0;3,45;2,97;64,6;759,44;5,0;80,0;67;130;3;797,23;0;9740,0;39032,75;9,97;9,1841
2024;43048470;60039330;4313300;Nova Prata;RS;Sul;municipal;2;1;1,1111111;78,78;763,6664;3,5;88,95;78,96;80,0;0,18;0,174;63,43;747,39;6,0;80,0;68;246;9;746,1791912;0;26587,0;58648,06;88,23;10,1882
2024;33041352;60023345;3302403;Macaé;RJ;Sudeste;municipal;2;14;1,08;59,86;743,6507;2,0;78,08000000000001;63,19;80,0;3,33;2,877;52,13;737,3;14,0;80,0;77;2721;43;773,83;0;264138,0;84784,7;169,89;12,4842
2024;41092599;60033233;4102901;Bituruna;PR;Sul;municipal;2;8;1,11;80,76;764,1367;4,5;86,055;80,0;80,0;-0,76;-0,109;73,12;757,21;2,0;80,0;42;229;7;753,26;0;15689,0;41836,76;13,07;9,6608
2024;28008957;60014067;2804201;Monte Alegre de Sergipe;SE;Nordeste;municipal;2;21;1,04;24,77;697,0917;0,0;93,05;31,99;80,0;7,22;7,89;31,3;713,13;24,0;80,0;125;169;4;660,51;1;14732,0;22889,02;33,45;9,5978
2024;35281341;60029103;3522505;Itapevi;SP;Sudeste;municipal;2;21;1,08;50,26;738,4813;2,0;91,93;55,16;80,0;4,9;4,249;51,91;740,39;15,0;80,0;64;3253;38;744,9041933;0;241924,0;64545,46;2415,79;12,3964
2024;43062517;60038009;4314902;Porto Alegre;RS;Sul;estadual;2;21;2,0;48,75;735,6054;;;;;;;63,43;747,39;6,0;80,0;23;7389;236;841,3466165;0;1389322,0;75391,65;2837,52;14,1443
2024;42043700;60035888;4208906;Jaraguá do Sul;SC;Sul;municipal;2;2;1,37;72,79;758,0717;4,0;79,6;73,91;80,0;1,12;1,03;61,38;747,11;7,0;80,0;34;1670;38;782,7;0;195753,0;79228,74;268,73;12,1846
2024;26006292;60012940;2612505;Santa Cruz do Capibaribe;PE;Nordeste;municipal;2;3;1,0;52,81;735,4564;2,0;90,39;57,31;80,0;4,5;3,884;58,95;747,45;9,0;80,0;82;1020;17;800,99;0;104277,0;20385,08;261,23;11,5548
2024;31031913;60020168;3119005;Cordislândia;MG;Sudeste;municipal;2;15;1,12;47,14;745,2467;2,5;90,08500000000001;52,49;80,0;5,35;4,694;59,81;751,71;8,0;80,0;34;34;1;724,92;1;3247,0;40402,53;19,13;8,0858
2024;15014467;60003397;1501303;Barcarena;PA;Norte;municipal;2;15;1,14;46,55;728,2796;0,5;82,18;51,99;80,0;5,44;4,779;48,38;733,29;17,0;80,0;61;1438;25;670,58;1;137331,0;66918,85;76,21;11,8302
2024;35228267;60026467;3555000;Tupã;SP;Sudeste;estadual;2;6;1,0;50,23;739,7778;2,0;93,805;55,08;80,0;4,85;4,253;51,91;740,39;15,0;80,0;70;536;11;738,8503708;1;65416,0;47821,66;100,99;11,0885
2024;35073846;60025914;3554003;Tatuí;SP;Sudeste;municipal;2;8;1,0384615;51,1;738,8865;2,0;93,35499999999999;55,87;80,0;4,77;4,129;51,91;740,39;15,0;80,0;126;1236;16;749,6677331;0;128560,0;52773,3;205,03;11,7642
2024;15053633;60001571;1505304;Oriximiná;PA;Norte;municipal;2;3;1,04;34,52;720,7808;0,0;78,48;41,32;80,0;6,8;6,497;48,38;733,29;17,0;80,0;82;734;13;699,61;1;72460,0;24005,13;0,58;11,1908
2024;15093300;60001988;1501402;Belém;PA;Norte;estadual;2;1;1,11;57,85;741,6816;1,0;74,905;53,42;80,0;-4,43;3,164;48,38;733,29;17,0;80,0;77;8616;173;764,17;0;1398531,0;28984,74;1315,27;14,1509
2024;35441874;60031686;3550308;São Paulo;SP;Sudeste;estadual;2;4;1,0;50,16;738,0494;0,5;84,24000000000001;44,37;80,0;-5,79;4,263;51,91;740,39;15,0;80,0;159;94373;1110;734,4692634;1;11895578,0;89682,49;7387,69;16,2917
2024;35289831;60026097;3529401;Mauá;SP;Sudeste;estadual;2;21;1,0;64,23;760,3227;1,0;80,75;51,29;80,0;-12,94;2,253;51,91;740,39;15,0;80,0;192;3825;39;773,9519322;0;429380,0;58225,19;6803,54;12,9701
2024;43034598;60037289;4309209;Gravataí;RS;Sul;municipal;2;18;1,3888889;63,64;744,9518;2,0;77,775;66,33;80,0;2,69;2,337;63,43;747,39;6,0;80,0;35;2356;69;767,8039963;0;275294,0;56468,93;551,58;12,5256
2024;25006031;60011354;2507507;João Pessoa;PB;Nordeste;municipal;2;1;1,33;46,71;736,0444;1,5;84,69;52,13;80,0;5,42;4,756;51,12;741,6;16,0;80,0;208;5447;100;725,48;1;888679,0;32004,95;3421,3;13,6975
2024;23011587;60009407;2313401;Tianguá;CE;Nordeste;municipal;2;10;1,09;84,36;796,1294;5,0;96,13;80,0;80,0;-4,36;-0,623;84,46;795,68;1,0;80,0;77;1093;27;831,25;0;86137,0;26298,26;75,8;11,3637
2024;15057477;60002565;1505536;Parauapebas;PA;Norte;municipal;2;12;1,45;54,32;736,3784;1,5;73,38499999999999;58,58;80,0;4,26;3,669;48,38;733,29;17,0;80,0;136;2854;33;762,05;0;298854,0;88407,94;22,12;12,6077
2024;26007609;60011831;2615409;Toritama;PE;Nordeste;municipal;2;3;1,22;50,21;734,8244;2,5;94,22999999999999;55,11;80,0;4,9;4,256;58,95;747,45;9,0;80,0;57;548;8;736,4;1;43636,0;18625,79;1383,21;10,6837
2024;15049425;60003429;1504901;Muaná;PA;Norte;municipal;2;3;1,0;36,17;722,9622;0,0;89,64;42,83;80,0;6,66;6,261;48,38;733,29;17,0;80,0;13;592;20;765,54;0;48955,0;9485,73;9,08;10,7987
2024;35037258;60026306;3552106;Socorro;SP;Sudeste;estadual;2;3;1,0;54,87;740,7798;2,0;88,36;55,63;80,0;0,76;3,59;51,91;740,39;15,0;80,0;31;247;6;802,3041858;0;41405,0;35003,04;81,7;10,6312
2024;33002592;60025724;3300209;Araruama;RJ;Sudeste;municipal;2;20;1,09;50,86;738,0834;2,0;78,965;55,66;80,0;4,8;4,163;52,13;737,3;14,0;80,0;89;1329;36;765,47;0;137773,0;95491,72;175,55;11,8334
2024;41001553;60031967;4101705;Araruna;PR;Sul;municipal;2;19;1,0;76,05;757,2276;4,0;90,095;76,65;80,0;0,6;0,564;73,12;757,21;2,0;80,0;82;173;3;698,84;1;14824,0;42552,35;27,21;9,6041
2024;35397970;60026494;3550308;São Paulo;SP;Sudeste;estadual;2;2;1,1153846;50,16;738,0494;0,5;84,24000000000001;44,37;80,0;-5,79;4,263;51,91;740,39;15,0;80,0;116;94373;1110;728,1788277;1;11895578,0;89682,49;7387,69;16,2917
2024;35298336;60030629;3530607;Mogi das Cruzes;SP;Sudeste;municipal;2;9;1,2692308;46,57;732,1471;1,0;90,29499999999999;52,01;80,0;5,44;4,776;51,91;740,39;15,0;80,0;66;4279;67;670,6264675;1;468120,0;55696,24;543,65;13,0565
2024;13012783;60000711;1302207;Juruá;AM;Norte;estadual;2;9;1,32;56,11;743,1021;1,0;88,17500000000001;46,8;80,0;-9,31;3,413;52,2;736,47;13,0;80,0;86;137;2;779,34;0;11152,0;13266,68;0,56;9,3195
2024;31090814;60022029;3145208;Nova Serrana;MG;Sudeste;municipal;2;3;1,0;54,95;746,3576;3,0;94,525;59,11;80,0;4,16;3,579;59,81;751,71;8,0;80,0;95;1397;22;763,48;0;112910,0;34862,79;261,0;11,6344
2024;29002386;60015599;2900702;Alagoinhas;BA;Nordeste;municipal;2;14;1,0;33,57;721,9653;0,0;88,14500000000001;40,44;80,0;6,87;6,633;36,78;724,86;23,0;80,0;28;988;35;756,29;0;160662,0;35510,74;188,66;11,9871
2024;29203331;60016065;2927408;Salvador;BA;Nordeste;municipal;2;5;1,0;39,16;726,7501;0,0;85,995;45,52;80,0;6,36;5,834;36,78;724,86;23,0;80,0;57;12158;264;666,45;1;2568928,0;29856,34;3859,35;14,759
2024;29086755;60017054;2911808;Guaratinga;BA;Nordeste;municipal;2;13;1,0;22,69;714,8869;0,0;82,41499999999999;29,89;80,0;7,2;8,187;36,78;724,86;23,0;80,0;21;159;5;674,43;1;19490,0;16359,0;9,53;9,8777
2024;23056187;60008813;2307304;Juazeiro do Norte;CE;Nordeste;municipal;2;10;1,0;60,56;756,6707;2,5;96,15;63,78;80,0;3,22;2,777;84,46;795,68;1,0;80,0;113;2361;42;753,21;0;303004,0;21311,74;1006,91;12,6215
2024;51041779;60040676;5103403;Cuiabá;MT;Centro-Oeste;municipal;2;7;1,3;53,94;744,14;1,5;83,12;58,26;80,0;4,32;3,723;55,03;746,8;11,0;80,0;58;5876;76;686,04;1;682932,0;57181,03;163,88;13,4342
2024;41124348;60033701;4125506;São José dos Pinhais;PR;Sul;municipal;2;12;1,15;67,19;748,7592;3,0;81,16499999999999;69,26;80,0;2,07;1,83;73,12;757,21;2,0;80,0;97;3798;57;764,75;0;345644,0;98245,49;279,16;12,7532
2024;32045060;60022711;3205309;Vitória;ES;Sudeste;municipal;2;6;1,14;65,88;751,3438;3,5;91,175;68,18;80,0;2,3;2,017;67,93;753,72;3,0;80,0;44;2698;53;779,87;0;342800,0;82431,76;3327,73;12,7449
2024;51034076;60040851;5107875;Sapezal;MT;Centro-Oeste;municipal;2;19;1,17;69,76;762,99;4,0;82,065;71,39;80,0;1,63;1,463;55,03;746,8;11,0;80,0;132;398;3;775,95;0;31499,0;203506,37;1,33;10,3577
2024;52024228;60041881;5205109;Catalão;GO;Centro-Oeste;municipal;2;2;1,24;64,88;749,3936;3,5;85,675;67,35;80,0;2,47;2,16;66,74;752,15;4,0;80,0;62;951;17;720,73;1;120789,0;85653,44;22,67;11,7018
2024;22028278;60007030;2207801;Paulistana;PI;Nordeste;municipal;2;20;1,0;45,07;733,8992;1,5;95,78;50,71;80,0;5,64;4,99;52,48;744,66;12,0;80,0;26;236;10;790,12;0;21601,0;16629,55;10,04;9,9805
2024;29048114;60017477;2906907;Caravelas;BA;Nordeste;municipal;2;9;1,0;40,91;728,5295;1,0;89,32;47,08;80,0;6,17;5,584;36,78;724,86;23,0;80,0;32;225;8;688,71;1;21229,0;19469,55;8,95;9,9632
2024;29161907;60017386;2923001;Nova Viçosa;BA;Nordeste;municipal;2;11;1,0;56,37;743,7275;1,0;90,21000000000001;60,29;80,0;3,92;3,376;36,78;724,86;23,0;80,0;24;481;11;657,85;1;41551,0;16840,61;29,15;10,6347
2024;32033767;60022922;3200805;Baixo Guandu;ES;Sudeste;municipal;2;3;1,2;68,83;754,4933;3,5;87,05;70,62;80,0;1,79;1,596;67,93;753,72;3,0;80,0;20;275;12;733,45;1;32694,0;27852,54;31,68;10,395
2024;53016924;60042267;5300108;Brasília;DF;Centro-Oeste;estadual;2;2;1,18;;;;;;;;;;;;;87;22111;360;752,77;0;2982818,0;122591,83;444,07;14,9084
2024;15079237;60001837;1507904;Soure;PA;Norte;municipal;2;17;1,08;62,77;744,216;2,5;91,36500000000001;65,61;80,0;2,84;2,461;48,38;733,29;17,0;80,0;54;395;8;722,98;1;25218,0;13432,79;6,54;10,1354
2024;35206435;60030731;3551702;Sertãozinho;SP;Sudeste;municipal;2;1;1,04;53,71;742,4005;2,0;87,96000000000001;58,07;80,0;4,36;3,756;51,91;740,39;15,0;80,0;192;1386;15;778,2353432;0;131600,0;68959,1;273,43;11,7875
2024;43033022;60037685;4320909;Tapejara;RS;Sul;municipal;2;3;1,1666667;69,7;752,5675;2,0;92,85499999999999;71,34;80,0;1,64;1,471;63,43;747,39;6,0;80,0;24;329;8;783,5678608;0;25201,0;74223,13;80,61;10,1347
2024;29259995;60017851;2933059;Várzea da Roça;BA;Nordeste;municipal;2;18;1,0;32,58;722,6879;0,0;90,41499999999999;39,52;80,0;6,94;6,774;36,78;724,86;23,0;80,0;18;82;3;813,91;0;14279,0;10652,71;26,83;9,5666
2024;42018196;60036016;4203600;Campos Novos;SC;Sul;municipal;2;16;1,25;64,29;754,1445;3,0;77,0;66,86;80,0;2,57;2,244;61,38;747,11;7,0;80,0;77;395;12;800,46;0;38656,0;89426,07;19,09;10,5625
2024;22006752;60006333;2208403;Piripiri;PI;Nordeste;municipal;2;7;1,05;33,16;719,9747;1,0;97,85499999999999;40,06;80,0;6,9;6,691;52,48;744,66;12,0;80,0;21;728;22;668,05;1;67676,0;18357,48;43,89;11,1225
2024;26055267;60011446;2612208;Salgueiro;PE;Nordeste;municipal;2;12;1,05;75,94;761,086;4,0;96,37;76,55;80,0;0,61;0,58;58,95;747,45;9,0;80,0;44;723;14;834,39;0;65635,0;21177,25;33,57;11,0919
2024;35051312;60028619;3520509;Indaiatuba;SP;Sudeste;municipal;2;3;1,3076923;58,5;747,1829;2,5;88,505;62,07;80,0;3,57;3,071;51,91;740,39;15,0;80,0;105;2404;28;776,8010672;0;267796,0;105546,25;647,54;12,498
2024;26006270;60012830;2612505;Santa Cruz do Capibaribe;PE;Nordeste;municipal;2;2;1,04;52,81;735,4564;2,0;90,39;57,31;80,0;4,5;3,884;58,95;747,45;9,0;80,0;53;1020;17;670,14;1;104277,0;20385,08;261,23;11,5548
2024;41032014;60033378;4101804;Araucária;PR;Sul;municipal;2;1;1,06;69,52;752,3693;3,0;83,525;71,19;80,0;1,67;1,497;73,12;757,21;2,0;80,0;94;1943;31;748,22;0;160038,0;212918,51;253,9;11,9832
2024;22024477;60007167;2210607;São Raimundo Nonato;PI;Nordeste;municipal;2;10;1,0;68,18;764,7685;3,5;97,65;70,08;80,0;1,9;1,689;52,48;744,66;12,0;80,0;59;413;10;778,42;0;40784,0;18678,53;13,38;10,6161
2024;42030172;60034649;4207007;Içara;SC;Sul;municipal;2;6;1,5;69,76;755,3795;3,0;79,84;71,39;80,0;1,63;1,463;61,38;747,11;7,0;80,0;46;663;21;765,0;0;62455,0;78108,62;200,02;11,0422
2024;26022654;60012910;2601409;Barreiros;PE;Nordeste;municipal;2;17;1,05;61,78;756,7639;2,5;94,975;64,79;80,0;3,01;2,603;58,95;747,45;9,0;80,0;21;421;13;720,2;1;42056,0;15347,08;174,54;10,6468
2024;29028923;60015743;2904902;Cachoeira;BA;Nordeste;municipal;2;18;1,0;24,85;722,3517;0,0;87,77;32,07;80,0;7,22;7,879;36,78;724,86;23,0;80,0;26;242;10;720,86;1;30550,0;17067,63;81,04;10,3272
2024;35387473;60031677;3550308;São Paulo;SP;Sudeste;estadual;2;20;1,030303;50,16;738,0494;0,5;84,24000000000001;44,37;80,0;-5,79;4,263;51,91;740,39;15,0;80,0;224;94373;1110;667,6336825;1;11895578,0;89682,49;7387,69;16,2917
2024;35045081;60031319;3509502;Campinas;SP;Sudeste;estadual;2;4;1,2;58,44;751,3349;1,0;86,725;47,76;80,0;-10,68;3,08;51,91;740,39;15,0;80,0;105;8899;141;660,7435086;1;1185977,0;77546,47;1358,63;13,9861
2024;21047587;60005188;2109106;Presidente Dutra;MA;Nordeste;municipal;2;10;1,04;54,77;744,907;1,5;91,76;58,95;80,0;4,18;3,604;56,43;749,92;10,0;80,0;52;429;12;760,56;0;46578,0;21256,24;57,97;10,7489
2024;35404595;60031663;3550308;São Paulo;SP;Sudeste;estadual;2;8;1,0357143;50,16;738,0494;0,5;84,24000000000001;44,37;80,0;-5,79;4,263;51,91;740,39;15,0;80,0;52;94373;1110;769,7830844;0;11895578,0;89682,49;7387,69;16,2917
2024;35013047;60030605;3503208;Araraquara;SP;Sudeste;municipal;2;15;1,0952381;55,9;744,9015;2,5;89,13;59,9;80,0;4,0;3,443;51,91;740,39;15,0;80,0;57;1853;25;778,4404193;0;252318,0;58218,2;207,8;12,4384
2024;23066272;60007391;2305308;Ibiapina;CE;Nordeste;municipal;2;15;1,0;94,97;819,7662;5,0;99,06;80,0;80,0;-14,97;-2,139;84,46;795,68;1,0;80,0;53;313;11;877,18;0;24649,0;17522,21;57,38;10,1125
2024;35118789;60027882;3529005;Marília;SP;Sudeste;municipal;2;11;1,125;59,16;748,4005;2,5;86,63499999999999;62,61;80,0;3,45;2,977;51,91;740,39;15,0;80,0;92;1666;30;775,1502396;0;246627,0;50714,52;185,21;12,4156
2024;35038787;60026517;3509502;Campinas;SP;Sudeste;estadual;2;15;1,1818182;58,44;751,3349;1,0;86,725;47,76;80,0;-10,68;3,08;51,91;740,39;15,0;80,0;46;8899;141;828,9904186;0;1185977,0;77546,47;1358,63;13,9861
2024;15056757;60003238;1505502;Paragominas;PA;Norte;municipal;2;10;1,08;62,45;745,2011;2,5;85,85499999999999;65,34;80,0;2,89;2,507;48,38;733,29;17,0;80,0;112;1446;18;696,51;1;112843,0;47044,17;5,06;11,6338
2024;31134159;60018573;3147709;Passa Tempo;MG;Sudeste;municipal;2;9;1,05;80,61;781,5002;4,5;96,84;80,0;80,0;-0,61;-0,087;59,81;751,71;8,0;80,0;64;89;2;786,73;0;8696,0;35712,4;19,1;9,0707
2024;41125750;60033695;4125506;São José dos Pinhais;PR;Sul;municipal;2;5;1,09;67,19;748,7592;3,0;81,16499999999999;69,26;80,0;2,07;1,83;73,12;757,21;2,0;80,0;142;3798;57;757,43;0;345644,0;98245,49;279,16;12,7532
2024;53024326;60042318;5300108;Brasília;DF;Centro-Oeste;estadual;2;4;1,18;;;;;;;;;;;;;36;22111;360;732,67;1;2982818,0;122591,83;444,07;14,9084
2024;12011241;60000589;1200401;Rio Branco;AC;Norte;estadual;2;15;1,5;;;;;;;;;;;;;57;4491;87;722,02;1;387852,0;33417,3;38,03;12,8684
2024;51009273;60040199;5106224;Nova Mutum;MT;Centro-Oeste;municipal;2;15;1,13;64,2;758,78;3,5;89,16;66,79;80,0;2,59;2,257;55,03;746,8;11,0;80,0;39;883;10;770,5;0;61223,0;124906,15;3,31;11,0223
2024;31152321;60018620;3140704;Mateus Leme;MG;Sudeste;municipal;2;21;1,14;56,77;750,744;3,0;89,015;60,63;80,0;3,86;3,319;59,81;751,71;8,0;80,0;111;415;8;694,2;1;40239,0;27237,11;92,0;10,6026
2024;41063226;60033774;4118204;Paranaguá;PR;Sul;municipal;2;20;1,75;61,91;748,1479;3,0;80,02000000000001;64,89;80,0;2,98;2,584;73,12;757,21;2,0;80,0;37;1256;29;743,99;0;149819,0;102067,85;169,92;11,9172
2024;35130205;60030931;3501103;Alto Alegre;SP;Sudeste;municipal;2;15;1,047619;59,64;752,9867;3,0;95,06;63,01;80,0;3,37;2,909;51,91;740,39;15,0;80,0;39;39;1;828,9904186;0;3883,0;44397,63;12,86;8,2646
2024;35252676;60028662;3513009;Cotia;SP;Sudeste;municipal;2;15;1,1818182;50,67;738,9797;1,5;88,13;55,5;80,0;4,83;4,19;51,91;740,39;15,0;80,0;11;2899;53;768,7965223;0;287004,0;66412,92;622,55;12,5673
2024;52059749;60041733;5214838;Nova Crixás;GO;Centro-Oeste;municipal;2;5;1,09;64,36;750,5391;3,5;91,64;66,92;80,0;2,56;2,234;66,74;752,15;4,0;80,0;24;143;4;768,38;0;13095,0;71186,33;1,63;9,4801
2024;52076117;60041400;5219753;Santo Antônio do Descoberto;GO;Centro-Oeste;municipal;2;12;1,0;42,71;730,6716;1,5;89,13;48,66;80,0;5,95;5,327;66,74;752,15;4,0;80,0;133;908;14;786,23;0;74614,0;13039,09;67,0;11,2201
2024;35073561;60030078;3550209;São Miguel Arcanjo;SP;Sudeste;municipal;2;5;1,1176471;56,99;745,8567;3,0;95,07;60,81;80,0;3,82;3,287;51,91;740,39;15,0;80,0;17;315;10;831,9015386;0;32904,0;35184,96;33,8;10,4014
2024;13016296;60001150;1302801;Maraã;AM;Norte;municipal;2;4;1,19;20,95;704,7891;0,5;82,965;28,09;80,0;7,14;8,436;52,2;736,47;13,0;80,0;49;184;5;772,26;0;15843,0;12793,03;1,04;9,6705
2024;42092384;60034391;4205407;Florianópolis;SC;Sul;municipal;2;17;1,17;50,63;737,4266;;;;;;;61,38;747,11;7,0;80,0;41;2861;66;765,86;0;576361,0;54115,62;627,24;13,2645
2024;41000794;60032630;4115853;Mercedes;PR;Sul;municipal;2;5;1,06;91,25;784,4971;5,0;95,64500000000001;80,0;80,0;-11,25;-1,607;73,12;757,21;2,0;80,0;76;103;2;756,34;0;6136,0;50826,11;25,12;8,7221
2024;25001940;60011047;2507507;João Pessoa;PB;Nordeste;municipal;2;13;1,06;46,71;736,0444;1,5;84,69;52,13;80,0;5,42;4,756;51,12;741,6;16,0;80,0;58;5447;100;764,96;0;888679,0;32004,95;3421,3;13,6975
2024;33132179;60024668;3304557;Rio de Janeiro;RJ;Sudeste;municipal;2;3;1,12;56,19;741,2373;2,5;84,625;60,14;80,0;3,95;3,401;52,13;737,3;14,0;80,0;85;43411;687;766,12;0;6729894,0;62179,64;5265,81;15,7221
2024;31099971;60021675;3140159;Mário Campos;MG;Sudeste;municipal;2;9;1,0;70,35;770,6437;4,0;87,08500000000001;71,88;80,0;1,53;1,379;59,81;751,71;8,0;80,0;38;149;4;745,39;0;16546,0;14533,85;374,82;9,714
2024;31191757;60018085;3106200;Belo Horizonte;MG;Sudeste;municipal;2;17;1,12;57,61;748,4681;2,5;84,09;61,33;80,0;3,72;3,199;59,81;751,71;8,0;80,0;104;16012;262;740,33;1;2416339,0;53882,2;7167,02;14,6978
2024;41076524;60032577;4119905;Ponta Grossa;PR;Sul;municipal;2;11;1,24;75,79;757,4976;4,0;85,5;76,43;80,0;0,64;0,601;73,12;757,21;2,0;80,0;44;3191;85;776,32;0;372562,0;68668,64;150,72;12,8282
2024;41008110;60032065;4114203;Mandaguari;PR;Sul;municipal;2;4;1,32;85,06;769,0331;5,0;91,39;80,0;80,0;-5,06;-0,723;73,12;757,21;2,0;80,0;49;410;6;836,86;0;38050,0;76649,15;97,25;10,5467
2024;35136859;60029582;3538709;Piracicaba;SP;Sudeste;municipal;2;18;1,03125;54,74;743,5309;2,0;90,015;58,93;80,0;4,19;3,609;51,91;740,39;15,0;80,0;91;3598;54;831,7624227;0;438827,0;101068,5;264,77;12,9919
2024;35388192;60031760;3550308;São Paulo;SP;Sudeste;estadual;2;11;1,5238095;50,16;738,0494;0,5;84,24000000000001;44,37;80,0;-5,79;4,263;51,91;740,39;15,0;80,0;127;94373;1110;706,0265461;1;11895578,0;89682,49;7387,69;16,2917
2024;21039871;60005791;2111078;São João do Soter;MA;Nordeste;municipal;2;4;1,03;24,38;707,2738;1,0;95,655;31,6;80,0;7,22;7,946;56,43;749,92;10,0;80,0;116;161;3;788,83;0;17254,0;12087,57;11,99;9,7559
2024;15005162;60002964;1500602;Altamira;PA;Norte;municipal;2;18;1,29;46,67;730,5344;1,0;79,14;52,09;80,0;5,42;4,761;48,38;733,29;17,0;80,0;68;1559;32;751,57;0;136982,0;28382,52;0,62;11,8276
2024;43006764;60039295;4304804;Carlos Barbosa;RS;Sul;municipal;2;3;1,0;67,4;753,0973;3,0;91,775;69,44;80,0;2,04;1,8;63,43;747,39;6,0;80,0;39;259;9;835,6260545;0;31528,0;121006,09;110,17;10,3587
2024;31193209;60018115;3106200;Belo Horizonte;MG;Sudeste;municipal;2;16;1,1;57,61;748,4681;2,5;84,09;61,33;80,0;3,72;3,199;59,81;751,71;8,0;80,0;121;16012;262;781,47;0;2416339,0;53882,2;7167,02;14,6978
2024;24015365;60009809;2405801;João Câmara;RN;Nordeste;municipal;2;3;1,25;22,55;705,2449;0,0;77,45;29,74;80,0;7,19;8,207;37,24;724,89;22,0;80,0;43;277;11;710,31;1;34768,0;43920,33;45,08;10,4565
2024;52001878;60041146;5208707;Goiânia;GO;Centro-Oeste;municipal;2;18;1,19;66,56;750,6494;3,0;84,00999999999999;68,74;80,0;2,18;1,92;66,74;752,15;4,0;80,0;44;8840;164;798,04;0;1494599,0;50703,13;1776,75;14,2174
2024;41108230;60033592;4106902;Curitiba;PR;Sul;municipal;2;9;1,07;70,41;753,0573;3,5;80,41499999999999;71,93;80,0;1,52;1,37;73,12;757,21;2,0;80,0;108;12923;183;702,93;1;1829225,0;65637,24;4024,84;14,4194
2024;29043081;60015504;2906402;Candeal;BA;Nordeste;municipal;2;21;1,0;30,92;718,0962;0,0;93,58500000000001;37,97;80,0;7,05;7,011;36,78;724,86;23,0;80,0;18;52;2;707,39;1;7969,0;10661,44;19,99;8,9834
2024;41085970;60033178;4120606;Prudentópolis;PR;Sul;municipal;2;8;1,07;82,7;765,4258;5,0;90,88;80,0;80,0;-2,7;-0,386;73,12;757,21;2,0;80,0;28;486;19;732,73;1;50428,0;37795,33;21,14;10,8283
2024;21024682;60004903;2100600;Amarante do Maranhão;MA;Nordeste;municipal;2;14;1,11;45,63;736,7603;1,0;88,825;51,2;80,0;5,57;4,91;56,43;749,92;10,0;80,0;41;309;10;667,15;1;38333,0;13063,99;5,1;10,5541
2024;41076890;60033671;4120804;Quatro Barras;PR;Sul;municipal;2;13;1,18;66,78;749,934;3,0;88,39;68,92;80,0;2,14;1,889;73,12;757,21;2,0;80,0;22;324;6;688,37;1;25109,0;93041,58;109,59;10,131
2024;22006685;60007056;2208304;Piracuruca;PI;Nordeste;municipal;2;19;1,0;75,64;768,6582;4,5;98,365;76,3;80,0;0,66;0,623;52,48;744,66;12,0;80,0;54;394;11;847,88;0;29849,0;15567,56;11,57;10,3039
2024;35293666;60028012;3543303;Ribeirão Pires;SP;Sudeste;municipal;2;3;1,0740741;64,35;758,848;3,0;91,24000000000001;66,91;80,0;2,56;2,236;51,91;740,39;15,0;80,0;78;1002;27;721,1568249;1;118877,0;40825,63;1144,99;11,6859
2024;32042996;60022535;3204559;Santa Maria de Jetibá;ES;Sudeste;estadual;2;15;1,08;85,48;787,563;4,5;93,765;80,0;80,0;-5,48;-0,783;67,93;753,72;3,0;80,0;25;515;18;770,66;0;45062,0;57535,95;46,46;10,7158
2024;21003126;60004361;2111201;São José de Ribamar;MA;Nordeste;municipal;2;7;1,5;62,27;753,0391;2,5;83,56;65,19;80,0;2,92;2,533;56,43;749,92;10,0;80,0;22;1923;62;760,96;0;257414,0;12181,07;419,82;12,4584
2024;51030987;60040660;5107925;Sorriso;MT;Centro-Oeste;municipal;2;17;1,48;79,08;781,08;4,5;89,225;79,21;80,0;0,13;0,131;55,03;746,8;11,0;80,0;44;1711;19;788,02;0;120985,0;113640,18;7,13;11,7034
2024;42087059;60036186;4211702;Orleans;SC;Sul;estadual;2;7;1,19;72,36;753,0352;3,0;81,685;68,14;80,0;-4,22;1,091;61,38;747,11;7,0;80,0;47;237;10;735,5;1;24474,0;57569,01;38,91;10,1054
2024;53009545;60042197;5300108;Brasília;DF;Centro-Oeste;estadual;2;9;1,27;;;;;;;;;;;;;84;22111;360;769,34;0;2982818,0;122591,83;444,07;14,9084
2024;35019664;60028082;3505500;Barretos;SP;Sudeste;municipal;2;1;1,25;59,67;753,1541;2,0;89,62;63,04;80,0;3,37;2,904;51,91;740,39;15,0;80,0;109;1117;19;791,3318804;0;126600,0;53044,34;71,6;11,7488
2024;35384903;60029752;3550308;São Paulo;SP;Sudeste;estadual;2;21;1,25;50,16;738,0494;0,5;84,24000000000001;44,37;80,0;-5,79;4,263;51,91;740,39;15,0;80,0;123;94373;1110;744,7073639;0;11895578,0;89682,49;7387,69;16,2917
2024;23066115;60009448;2304400;Fortaleza;CE;Nordeste;municipal;2;18;1,0;74,03;774,4244;4,0;95,91;74,95;80,0;0,92;0,853;84,46;795,68;1,0;80,0;80;17722;214;633,2;1;2574412,0;33770,75;7786,52;14,7611
2024;29268496;60014663;2933455;Wanderley;BA;Nordeste;municipal;2;16;1,0;54,03;733,7137;2,0;94,685;58,33;80,0;4,3;3,71;36,78;724,86;23,0;80,0;23;121;5;689,75;1;13436,0;17154,81;4,22;9,5058
2024;15010716;60003177;1500800;Ananindeua;PA;Norte;estadual;2;2;1,07;55,62;741,2151;2,0;82,005;62,51;80,0;6,89;3,483;48,38;733,29;17,0;80,0;49;4114;86;749,66;0;507838,0;22593,62;2477,56;13,1379
2024;42093064;60034397;4205407;Florianópolis;SC;Sul;estadual;2;18;1,62;47,8;737,0698;;;;;;;61,38;747,11;7,0;80,0;95;2861;66;793,0;0;576361,0;54115,62;627,24;13,2645
2024;15010190;60001868;1500800;Ananindeua;PA;Norte;municipal;2;5;1,04;59,04;743,5709;2,0;82,005;62,51;80,0;3,47;2,994;48,38;733,29;17,0;80,0;64;4114;86;746,3;0;507838,0;22593,62;2477,56;13,1379
2024;35414537;60026891;3550308;São Paulo;SP;Sudeste;municipal;2;17;1,2272727;37,87;721,2607;0,5;84,24000000000001;44,37;80,0;6,5;6,019;51,91;740,39;15,0;80,0;22;94373;1110;704,9475148;1;11895578,0;89682,49;7387,69;16,2917
2024;50008876;60039990;5002704;Campo Grande;MS;Centro-Oeste;municipal;2;21;1,25;41,61;726,7477;1,5;86,66499999999999;47,69;80,0;6,08;5,484;47,45;735,95;18,0;80,0;210;10001;98;775,49;0;954537,0;44283,01;97,22;13,769
2024;29223377;60016877;2927804;Santa Cruz da Vitória;BA;Nordeste;municipal;2;6;1,0;45,13;734,0277;0,5;83,66999999999999;50,76;80,0;5,63;4,981;36,78;724,86;23,0;80,0;15;54;2;759,4;0;4721,0;16466,21;22,38;8,46
2024;33035950;60023144;3300605;Bom Jesus do Itabapoana;RJ;Sudeste;municipal;2;17;1,1;57,91;743,6867;3,0;81,085;61,57;80,0;3,66;3,156;52,13;737,3;14,0;80,0;111;249;10;791,45;0;37172,0;32487,11;59,13;10,5233
2024;23038655;60008050;2304400;Fortaleza;CE;Nordeste;municipal;2;2;1,09;74,03;774,4244;4,0;95,91;74,95;80,0;0,92;0,853;84,46;795,68;1,0;80,0;118;17722;214;791,92;0;2574412,0;33770,75;7786,52;14,7611
2024;41138662;60032285;4108700;Grandes Rios;PR;Sul;municipal;2;5;1,25;65,01;754,796;3,0;87,12;67,46;80,0;2,45;2,141;73,12;757,21;2,0;80,0;20;87;3;740,41;1;5586,0;31785,71;21,09;8,6282
2024;35386157;60031533;3550308;São Paulo;SP;Sudeste;estadual;2;1;1,0357143;50,16;738,0494;0,5;84,24000000000001;44,37;80,0;-5,79;4,263;51,91;740,39;15,0;80,0;136;94373;1110;683,4505228;1;11895578,0;89682,49;7387,69;16,2917
2024;22016640;60006651;2204105;Francisco Ayres;PI;Nordeste;municipal;2;3;1,0;47,28;738,7616;0,5;98,4;52,61;80,0;5,33;4,674;52,48;744,66;12,0;80,0;47;62;2;790,86;0;4494,0;14871,61;6,82;8,4107
2024;27004064;60013836;2700300;Arapiraca;AL;Nordeste;municipal;2;18;1,0;39,44;723,2521;0,5;92,18;45,77;80,0;6,33;5,794;43,88;729,72;19,0;80,0;51;2473;48;767,06;0;243661,0;28239,81;600,84;12,4035
2024;52048193;60041276;5212709;Mambaí;GO;Centro-Oeste;municipal;2;3;1,08;50,41;735,8885;2,5;95,515;55,28;80,0;4,87;4,227;66,74;752,15;4,0;80,0;13;126;2;763,76;0;8405,0;16615,11;7,8;9,0367
2024;35353486;60026534;3550308;São Paulo;SP;Sudeste;estadual;2;1;1,1111111;50,16;738,0494;0,5;84,24000000000001;44,37;80,0;-5,79;4,263;51,91;740,39;15,0;80,0;140;94373;1110;781,5392356;0;11895578,0;89682,49;7387,69;16,2917
2024;51004071;60040680;5107065;Querência;MT;Centro-Oeste;municipal;2;17;1,05;57,84;753,1;3,0;92,53;61,52;80,0;3,68;3,166;55,03;746,8;11,0;80,0;96;396;8;766,57;0;29820,0;126468,54;0,73;10,303
2024;13045136;60001325;1302603;Manaus;AM;Norte;municipal;2;18;1,42;52,2;736,11;2,0;73,57;56,8;80,0;4,6;3,971;52,2;736,47;13,0;80,0;55;23125;327;681,39;1;2279686,0;55994,46;158,06;14,6395
2024;24011478;60010237;2408003;Mossoró;RN;Nordeste;municipal;2;7;1,28;38,06;728,0096;0,5;82,05;44,54;80,0;6,48;5,991;37,24;724,89;22,0;80,0;81;1621;64;813,7;0;278034,0;37130,95;123,76;12,5355
2024;28018870;60014491;2800308;Aracaju;SE;Nordeste;municipal;2;3;1,0;29,69;712,4347;0,5;91,37;36,8;80,0;7,11;7,187;31,3;713,13;24,0;80,0;17;3664;73;752,73;0;628849,0;35448,7;3140,67;13,3516
2024;35171310;60029026;3523602;Itirapina;SP;Sudeste;municipal;2;11;1,04;59,11;752,272;2,5;91,38499999999999;62,57;80,0;3,46;2,984;51,91;740,39;15,0;80,0;49;160;4;718,4839193;1;16433,0;95556,08;27,52;9,7071
2024;33021121;60025521;3301108;Cantagalo;RJ;Sudeste;municipal;2;21;1,28;55,75;742,1279;2,0;86,4;59,77;80,0;4,02;3,464;52,13;737,3;14,0;80,0;18;162;8;731,39;1;19996,0;53775,56;26,47;9,9033
2024;29152585;60016970;2921104;Medeiros Neto;BA;Nordeste;municipal;2;3;1,0;51,46;737,3441;1,5;88,68;56,17;80,0;4,71;4,077;36,78;724,86;23,0;80,0;57;226;8;768,91;0;22925,0;22054,18;17,4;10,04
2024;35134080;60030332;3511706;Charqueada;SP;Sudeste;municipal;2;8;1,1818182;44,6;730,5685;2,0;92,655;50,3;80,0;5,7;5,057;51,91;740,39;15,0;80,0;22;183;4;674,6395231;1;15798,0;50044,75;85,79;9,6677
2024;31087446;60021775;3131901;Itabirito;MG;Sudeste;municipal;2;17;1,0;59,98;750,1775;3,5;92,655;63,29;80,0;3,31;2,86;59,81;751,71;8,0;80,0;74;679;14;755,42;0;55877,0;128146,54;83,76;10,9309
2024;35442423;60031762;3550308;São Paulo;SP;Sudeste;estadual;2;3;1,2222222;50,16;738,0494;0,5;84,24000000000001;44,37;80,0;-5,79;4,263;51,91;740,39;15,0;80,0;154;94373;1110;778,7411008;0;11895578,0;89682,49;7387,69;16,2917
2024;21049440;60005686;2101608;Barra do Corda;MA;Nordeste;municipal;2;14;1,0;65,45;761,7888;3,0;91,03999999999999;67,82;80,0;2,37;2,079;56,43;749,92;10,0;80,0;46;782;21;765,96;0;87672,0;13207,52;15,92;11,3814
2024;51002161;60040282;5101803;Barra do Garças;MT;Centro-Oeste;municipal;2;19;1,08;61,17;753,77;3,0;90,71;64,28;80,0;3,11;2,69;55,03;746,8;11,0;80,0;78;721;14;766,22;0;72694,0;48665,58;6,23;11,194
2024;21066636;60004421;2111300;São Luís;MA;Nordeste;municipal;2;14;1,17;47,49;736,9393;1,5;85,605;52,79;80,0;5,3;4,644;56,43;749,92;10,0;80,0;134;6251;109;669,4;1;1088057,0;38958,48;1215,69;13,8999
2024;43087129;60038601;4318705;São Leopoldo;RS;Sul;estadual;2;8;1,5833333;54,11;736,9233;1,0;74,225;60,83;80,0;6,72;3,699;63,43;747,39;6,0;80,0;12;1834;53;769,7015874;0;225669,0;52027,14;2083,79;12,3268
2024;32000563;60022646;3205002;Serra;ES;Sudeste;estadual;2;20;1,12;69,15;754,9531;2,0;85,22999999999999;62,54;80,0;-6,61;1,55;67,93;753,72;3,0;80,0;52;6396;80;773,75;0;572274,0;65788,69;739,38;13,2574
2024;35281931;60030160;3522505;Itapevi;SP;Sudeste;municipal;2;11;1,0588235;50,26;738,4813;2,0;91,93;55,16;80,0;4,9;4,249;51,91;740,39;15,0;80,0;99;3253;38;693,0297105;1;241924,0;64545,46;2415,79;12,3964
2024;11022147;60000335;1100304;Vilhena;RO;Norte;municipal;2;1;1,0;65,62;760,7163;3,5;86,08500000000001;67,96;80,0;2,34;2,054;64,6;759,44;5,0;80,0;110;1319;17;756,91;0;108528,0;47137,93;6,62;11,5948
2024;35081412;60028876;3523909;Itu;SP;Sudeste;municipal;2;5;1,12;65,25;758,7084;3,0;89,42;67,66;80,0;2,41;2,107;51,91;740,39;15,0;80,0;120;1577;25;728,0601028;1;174561,0;80272,97;240,57;12,07
2024;23037193;60009166;2304400;Fortaleza;CE;Nordeste;municipal;2;5;1,0;74,03;774,4244;4,0;95,91;74,95;80,0;0,92;0,853;84,46;795,68;1,0;80,0;106;17722;214;816,54;0;2574412,0;33770,75;7786,52;14,7611
2024;42030201;60034654;4207007;Içara;SC;Sul;municipal;2;14;1,31;69,76;755,3795;3,0;79,84;71,39;80,0;1,63;1,463;61,38;747,11;7,0;80,0;33;663;21;757,67;0;62455,0;78108,62;200,02;11,0422
2024;13018639;60001012;1303403;Parintins;AM;Norte;estadual;2;19;1,07;77,24;759,8949;2,0;85,46000000000001;56,53;80,0;-20,71;0,394;52,2;736,47;13,0;80,0;113;1355;32;769,57;0;101956,0;16251,61;17,14;11,5323
2024;26026075;60012302;2600054;Abreu e Lima;PE;Nordeste;municipal;2;15;1,0;47,44;737,9653;1,0;87,935;52,75;80,0;5,31;4,651;58,95;747,45;9,0;80,0;30;722;21;746,56;0;103945,0;20489,44;724,9;11,5516
2024;35300945;60027530;3534401;Osasco;SP;Sudeste;municipal;2;21;1,0555556;45,95;730,4882;1,0;85,66;51,47;80,0;5,52;4,864;51,91;740,39;15,0;80,0;135;6664;56;674,7352093;1;756952,0;157743,23;10411,79;13,5371
2024;43087903;60038621;4318705;São Leopoldo;RS;Sul;municipal;2;4;1,047619;57,01;740,6327;1,0;74,225;60,83;80,0;3,82;3,284;63,43;747,39;6,0;80,0;83;1834;53;747,4832868;0;225669,0;52027,14;2083,79;12,3268
2024;31152592;60020169;3120805;Cruzília;MG;Sudeste;municipal;2;21;1,11;97,18;814,0255;4,5;93,41499999999999;80,0;80,0;-17,18;-2,454;59,81;751,71;8,0;80,0;42;137;3;759,87;0;15779,0;26693,77;27,93;9,6665
2024;35052551;60030999;3520509;Indaiatuba;SP;Sudeste;municipal;2;21;1,1333333;58,5;747,1829;2,5;88,505;62,07;80,0;3,57;3,071;51,91;740,39;15,0;80,0;56;2404;28;836,8720391;0;267796,0;105546,25;647,54;12,498
2024;12006968;60000484;1200401;Rio Branco;AC;Norte;municipal;2;19;1,33;;;;;;;;;;;;;59;4491;87;770,51;0;387852,0;33417,3;38,03;12,8684
2024;35310382;60031720;3547809;Santo André;SP;Sudeste;estadual;2;7;1,0344828;58,1;749,5287;2,0;87,725;57,33;80,0;-0,77;3,129;51,91;740,39;15,0;80,0;29;4506;81;691,197318;1;778711,0;47426,26;3866,35;13,5654
2024;35348786;60025757;3550308;São Paulo;SP;Sudeste;estadual;2;11;1,0322581;50,16;738,0494;0,5;84,24000000000001;44,37;80,0;-5,79;4,263;51,91;740,39;15,0;80,0;55;94373;1110;760,2961652;0;11895578,0;89682,49;7387,69;16,2917
2024;26012957;60011784;2613008;São Bento do Una;PE;Nordeste;municipal;2;4;1,1;55,89;744,2843;2,5;95,88;59,89;80,0;4,0;3,444;58,95;747,45;9,0;80,0;52;549;14;688,09;1;51264,0;37240,13;74,03;10,8448
2024;35059223;60029290;3509304;Cajobi;SP;Sudeste;municipal;2;16;1,0;61,22;750,9323;3,0;94,785;64,32;80,0;3,1;2,683;51,91;740,39;15,0;80,0;64;96;3;691,3187064;1;9232,0;29787,8;55,22;9,1305
2024;35431163;60025980;3550308;São Paulo;SP;Sudeste;estadual;2;17;1,2173913;50,16;738,0494;0,5;84,24000000000001;44,37;80,0;-5,79;4,263;51,91;740,39;15,0;80,0;107;94373;1110;706,6662075;1;11895578,0;89682,49;7387,69;16,2917
2024;15075260;60002465;1507201;São Domingos do Capim;PA;Norte;municipal;2;20;1,35;30,82;723,5574;0,0;81,745;37,87;80,0;7,05;7,026;48,38;733,29;17,0;80,0;81;184;5;719,13;1;32449,0;20157,14;17,79;10,3875
2024;26005437;60012012;2610202;Panelas;PE;Nordeste;municipal;2;15;1,0;76,82;773,9755;4,5;98,53;77,3;80,0;0,48;0,454;58,95;747,45;9,0;80,0;30;237;10;804,25;0;23449,0;10232,63;69,14;10,0626
2024;41101058;60032189;4109807;Ibiporã;PR;Sul;municipal;2;10;1,45;73,36;756,1281;3,5;86,53999999999999;74,39;80,0;1,03;0,949;73,12;757,21;2,0;80,0;43;641;14;747,16;0;53054,0;76108,4;161,88;10,8791
2024;35012639;60029255;3503208;Araraquara;SP;Sudeste;municipal;2;9;1,1578947;55,9;744,9015;2,5;89,13;59,9;80,0;4,0;3,443;51,91;740,39;15,0;80,0;126;1853;25;750,7836034;0;252318,0;58218,2;207,8;12,4384
2024;52058960;60041056;5202601;Aurilândia;GO;Centro-Oeste;municipal;2;4;1,0;75,98;746,3944;4,5;94,595;76,59;80,0;0,61;0,574;66,74;752,15;4,0;80,0;32;32;1;777,83;0;3266,0;34097,67;6,46;8,0916
2024;41125829;60033700;4125506;São José dos Pinhais;PR;Sul;municipal;2;4;1,23;67,19;748,7592;3,0;81,16499999999999;69,26;80,0;2,07;1,83;73,12;757,21;2,0;80,0;131;3798;57;779,71;0;345644,0;98245,49;279,16;12,7532
2024;31154999;60019616;3117108;Conceição da Aparecida;MG;Sudeste;municipal;2;14;1,18;70,87;766,1218;4,0;89,325;72,31;80,0;1,44;1,304;59,81;751,71;8,0;80,0;85;97;2;800,86;0;10668,0;30540,49;27,86;9,2751
2024;42095168;60034378;4205407;Florianópolis;SC;Sul;estadual;2;16;2,24;47,8;737,0698;;;;;;;61,38;747,11;7,0;80,0;22;2861;66;769,75;0;576361,0;54115,62;627,24;13,2645
2024;26057013;60011473;2603900;Carnaíba;PE;Nordeste;municipal;2;15;1,0;91,81;781,4989;5,0;97,86;80,0;80,0;-11,81;-1,687;58,95;747,45;9,0;80,0;32;252;8;786,04;0;19513,0;10910,21;43,42;9,8789
2024;31118845;60021395;3107703;Bom Jesus do Amparo;MG;Sudeste;municipal;2;1;1,06;46,67;735,8866;5,0;92,59;;80,0;;4,761;59,81;751,71;8,0;80,0;50;64;2;786,07;0;5775,0;30897,49;28,07;8,6615
2024;35289693;60026096;3529401;Mauá;SP;Sudeste;estadual;2;14;1,0666667;64,23;760,3227;1,0;80,75;51,29;80,0;-12,94;2,253;51,91;740,39;15,0;80,0;121;3825;39;717,5912398;1;429380,0;58225,19;6803,54;12,9701
2024;11015057;60000199;1100189;Pimenta Bueno;RO;Norte;municipal;2;16;1,19;69,73;762,4062;4,0;90,03999999999999;71,37;80,0;1,64;1,467;64,6;759,44;5,0;80,0;163;472;8;768,31;0;39053,0;54396,33;5,42;10,5727
2024;29161035;60015457;2922904;Nova Soure;BA;Nordeste;municipal;2;4;1,0;22,14;718,147;0,0;93,61500000000001;29,32;80,0;7,18;8,266;36,78;724,86;23,0;80,0;26;242;5;775,41;0;24906,0;13725,29;25,4;10,1229
2024;23075550;60009262;2300150;Acarape;CE;Nordeste;municipal;2;17;1,0;78,14;775,9926;4,5;97,32;78,41;80,0;0,27;0,266;84,46;795,68;1,0;80,0;57;168;6;725,95;1;14306,0;15411,3;95,69;9,5685
2024;51028843;60040731;5107909;Sinop;MT;Centro-Oeste;municipal;2;1;1,25;57,03;747,32;2,0;87,08500000000001;60,84;80,0;3,81;3,281;55,03;746,8;11,0;80,0;107;2552;24;787,86;0;216029,0;54326,26;28,69;12,2832
2024;43077972;60039539;4316907;Santa Maria;RS;Sul;municipal;2;4;1,0526316;65,32;748,4165;1,5;77,39500000000001;67,72;80,0;2,4;2,097;63,43;747,39;6,0;80,0;35;1686;71;733,3578064;1;282244,0;38732,53;145,98;12,5505
2024;31179791;60021894;3118601;Contagem;MG;Sudeste;municipal;2;9;1,08;53,73;744,5503;2,5;82,795;58,08;80,0;4,35;3,753;59,81;751,71;8,0;80,0;71;4601;77;702,81;1;649975,0;69375,58;3090,33;13,3847
2024;41108488;60033368;4101804;Araucária;PR;Sul;municipal;2;16;1,11;69,52;752,3693;3,0;83,525;71,19;80,0;1,67;1,497;73,12;757,21;2,0;80,0;71;1943;31;791,15;0;160038,0;212918,51;253,9;11,9832
2024;31053611;60022046;3166956;Serranópolis de Minas;MG;Sudeste;municipal;2;13;1,0;95,35;798,4554;5,0;95,82499999999999;80,0;80,0;-15,35;-2,193;59,81;751,71;8,0;80,0;26;26;1;805,75;0;4496,0;13627,89;8,02;8,4112
2024;41032368;60032547;4119905;Ponta Grossa;PR;Sul;municipal;2;5;1,04;75,79;757,4976;4,0;85,5;76,43;80,0;0,64;0,601;73,12;757,21;2,0;80,0;93;3191;85;768,21;0;372562,0;68668,64;150,72;12,8282
2024;29229386;60015320;2928802;Santo Estêvão;BA;Nordeste;municipal;2;8;1,0;32,65;723,4781;0,0;89,3;39,59;80,0;6,94;6,764;36,78;724,86;23,0;80,0;45;499;15;772,89;0;54940,0;23577,83;131,92;10,914
2024;51050960;60040695;5108402;Várzea Grande;MT;Centro-Oeste;municipal;2;13;1,03;47,94;738,94;2,0;90,815;53,18;80,0;5,24;4,58;55,03;746,8;11,0;80,0;57;3780;64;846,15;0;314627,0;44446,97;284,45;12,6591
2024;23003718;60009464;2307304;Juazeiro do Norte;CE;Nordeste;municipal;2;3;1,0;60,56;756,6707;2,5;96,15;63,78;80,0;3,22;2,777;84,46;795,68;1,0;80,0;88;2361;42;780,04;0;303004,0;21311,74;1006,91;12,6215
2024;13021165;60000673;1303700;Santo Antônio do Içá;AM;Norte;municipal;2;6;1,03;59,68;742,7835;1,0;87,98;63,05;80,0;3,37;2,903;52,2;736,47;13,0;80,0;81;555;11;633,5;1;30448,0;11635,48;1,99;10,3238
2024;21000828;60004332;2107506;Paço do Lumiar;MA;Nordeste;municipal;2;19;1,0;50,71;739,4564;2,0;83,975;55,54;80,0;4,83;4,184;56,43;749,92;10,0;80,0;53;1548;46;739,98;1;152306,0;10791,02;842,63;11,9337
2024;41114892;60033774;4118204;Paranaguá;PR;Sul;municipal;2;7;1,4;61,91;748,1479;3,0;80,02000000000001;64,89;80,0;2,98;2,584;73,12;757,21;2,0;80,0;37;1256;29;769,88;0;149819,0;102067,85;169,92;11,9172
2024;15037515;60002899;1503705;Itupiranga;PA;Norte;municipal;2;15;1,04;42,67;724,5942;1,0;83,805;48,62;80,0;5,95;5,333;48,38;733,29;17,0;80,0;88;486;8;724,4;1;52187,0;18774,64;6,5;10,8626
2024;15086693;60002492;1508308;Viseu;PA;Norte;municipal;2;16;1,25;34,28;723,8932;0,0;86,18;41,1;80,0;6,82;6,531;48,38;733,29;17,0;80,0;12;682;25;699,28;1;61970,0;14034,36;11,54;11,0344
2024;17014664;60004110;1707405;Esperantina;TO;Norte;municipal;2;16;1,3;40,82;729,56;1,0;82,465;47,0;80,0;6,18;5,597;43,72;734,29;20,0;80,0;20;99;3;740,55;1;7493,0;15907,78;18,8;8,9219
2024;43106413;60036770;4304606;Canoas;RS;Sul;municipal;2;8;1,0909091;53,16;738,7472;1,5;74,91;57,6;80,0;4,44;3,834;63,43;747,39;6,0;80,0;44;2553;67;768,5023518;0;359554,0;81119,1;2470,13;12,7926
2024;17000297;60004066;1718758;Rio Sono;TO;Norte;municipal;2;7;1,2;27,83;722,136;0,0;83,49000000000001;35,01;80,0;7,18;7,453;43,72;734,29;20,0;80,0;10;71;5;746,04;0;4798,0;31428,72;0,98;8,4762
2024;35167452;60027075;3548500;Santos;SP;Sudeste;municipal;2;17;1,2631579;55,93;744,2095;2,0;87,075;59,92;80,0;3,99;3,439;51,91;740,39;15,0;80,0;121;2275;36;736,1002719;1;429567,0;72076,57;1492,23;12,9705
2024;31183097;60020244;3170701;Varginha;MG;Sudeste;municipal;2;21;1,11;50,68;741,4143;3,0;86,47;55,51;80,0;4,83;4,189;59,81;751,71;8,0;80,0;80;1027;11;747,23;0;142802,0;70507,19;311,29;11,8692
2024;33146211;60024962;3304557;Rio de Janeiro;RJ;Sudeste;municipal;2;10;1,12;56,19;741,2373;2,5;84,625;60,14;80,0;3,95;3,401;52,13;737,3;14,0;80,0;54;43411;687;767,24;0;6729894,0;62179,64;5265,81;15,7221
2024;31188480;60019929;3168606;Teófilo Otoni;MG;Sudeste;estadual;2;5;1,05;54,27;742,898;2,5;88,38499999999999;55,57;80,0;1,3;3,676;59,81;751,71;8,0;80,0;110;1190;26;779,97;0;142571,0;24831,47;41,56;11,8676
2024;29217368;60017532;2927408;Salvador;BA;Nordeste;municipal;2;21;1,0;39,16;726,7501;0,0;85,995;45,52;80,0;6,36;5,834;36,78;724,86;23,0;80,0;21;12158;264;740,97;1;2568928,0;29856,34;3859,35;14,759
2024;42076923;60034455;4216602;São José;SC;Sul;municipal;2;6;1,22;65,4;750,2722;;;;;;;61,38;747,11;7,0;80,0;38;1883;40;779,39;0;289949,0;53718,66;1388,17;12,5775
2024;13033985;60001103;1302603;Manaus;AM;Norte;municipal;2;13;1,07;52,2;736,11;2,0;73,57;56,8;80,0;4,6;3,971;52,2;736,47;13,0;80,0;106;23125;327;780,7;0;2279686,0;55994,46;158,06;14,6395
2024;41131107;60033404;4104006;Campina Grande do Sul;PR;Sul;municipal;2;13;1,0;70,42;752,2106;3,5;87,695;71,94;80,0;1,52;1,369;73,12;757,21;2,0;80,0;100;698;12;751,31;0;49971,0;57468,67;71,93;10,8192
2024;50021555;60039837;5003702;Dourados;MS;Centro-Oeste;municipal;2;7;1,16;40,43;727,1128;1,5;83,005;46,65;80,0;6,22;5,653;47,45;735,95;18,0;80,0;102;3216;43;774,66;0;260640,0;77723,88;47,97;12,4709
2024;21023662;60004722;2106375;Maranhãozinho;MA;Nordeste;municipal;2;20;1,0;76,41;785,6398;4,5;94,85499999999999;76,95;80,0;0,54;0,513;56,43;749,92;10,0;80,0;25;122;4;826,92;0;14086,0;10412,04;14,46;9,553
2024;29248540;60017372;2931202;Taperoá;BA;Nordeste;municipal;2;2;1,0;38,83;725,9364;0,5;95,095;45,23;80,0;6,4;5,881;36,78;724,86;23,0;80,0;21;141;6;711,79;1;18571,0;13713,96;45,64;9,8294
2024;23026446;60007734;2312403;São Gonçalo do Amarante;CE;Nordeste;municipal;2;13;1,0;81,99;790,9425;5,0;97,69;80,0;80,0;-1,99;-0,284;84,46;795,68;1,0;80,0;135;999;18;708,81;1;57499,0;120147,71;52,34;10,9595
2024;43024892;60037922;4314803;Portão;RS;Sul;municipal;2;5;1,7142857;56,04;741,5347;1,0;83,215;60,02;80,0;3,98;3,423;63,43;747,39;6,0;80,0;31;317;11;705,058925;1;35237,0;51555,95;193,38;10,4699
2024;35374740;60025861;3550308;São Paulo;SP;Sudeste;estadual;2;11;1,1363636;50,16;738,0494;0,5;84,24000000000001;44,37;80,0;-5,79;4,263;51,91;740,39;15,0;80,0;91;94373;1110;693,3048444;1;11895578,0;89682,49;7387,69;16,2917
2024;29914092;60014619;2903201;Barreiras;BA;Nordeste;municipal;2;7;1,0;37,98;728,3763;0,0;83,91499999999999;44,47;80,0;6,49;6,003;36,78;724,86;23,0;80,0;44;1654;33;697,39;1;170667,0;55661,02;17,49;12,0475
2024;51005864;60040653;5105234;Lambari D'Oeste;MT;Centro-Oeste;municipal;2;13;1,16;87,13;764,83;3,5;89,61500000000001;80,0;80,0;-7,13;-1,019;55,03;746,8;11,0;80,0;48;58;2;705,71;1;4724,0;60164,9;3,08;8,4606
2024;42052632;60035840;4209102;Joinville;SC;Sul;municipal;2;16;1,28;65,94;751,7973;3,0;75,965;68,23;80,0;2,29;2,009;61,38;747,11;7,0;80,0;73;5308;89;827,93;0;654888,0;76067,78;449,3;13,3922
2024;42070224;60034898;4200200;Agrolândia;SC;Sul;municipal;2;12;1,11;81,23;761,3282;4,5;85,61500000000001;80,0;80,0;-1,23;-0,176;61,38;747,11;7,0;80,0;25;154;3;787,47;0;11491,0;43173,79;45,01;9,3494
2024;13017865;60001064;1303304;Novo Aripuanã;AM;Norte;estadual;2;17;1,0;72,32;755,225;3,5;79,935;80,0;80,0;7,68;1,097;52,2;736,47;13,0;80,0;61;252;7;738,53;1;24987,0;12475,97;0,52;10,1262
2024;31034962;60018809;3152501;Pouso Alegre;MG;Sudeste;estadual;2;21;1,0;46,87;741,5481;3,0;90,205;62,41;80,0;15,54;4,733;59,81;751,71;8,0;80,0;51;1194;22;761,42;0;160751,0;88342,88;240,51;11,9876
2024;35000559;60030062;3514403;Dracena;SP;Sudeste;municipal;2;20;1,0625;63,13;754,5714;3,0;94,91;65,9;80,0;2,77;2,41;51,91;740,39;15,0;80,0;32;327;7;693,3169753;1;46664,0;39757,07;88,64;10,7507
2024;32006887;60023110;3205002;Serra;ES;Sudeste;municipal;2;4;1,09;59,07;744,0729;2,0;85,22999999999999;62,54;80,0;3,47;2,99;67,93;753,72;3,0;80,0;68;6396;80;750,37;0;572274,0;65788,69;739,38;13,2574
2024;21011761;60004687;2105401;Itapecuru Mirim;MA;Nordeste;municipal;2;14;1,04;53,35;745,2002;2,5;95,18;57,76;80,0;4,41;3,807;56,43;749,92;10,0;80,0;23;772;21;711,42;1;62269,0;14291,67;42,21;11,0392
2024;32047563;60022488;3201704;Conceição do Castelo;ES;Sudeste;municipal;2;4;1,0;77,46;763,056;4,5;97,53999999999999;77,84;80,0;0,38;0,363;67,93;753,72;3,0;80,0;19;152;4;793,8;0;12448,0;28653,52;31,63;9,4294
2024;41077864;60033569;4106902;Curitiba;PR;Sul;municipal;2;12;1,22;70,41;753,0573;3,5;80,41499999999999;71,93;80,0;1,52;1,37;73,12;757,21;2,0;80,0;51;12923;183;794,7;0;1829225,0;65637,24;4024,84;14,4194
2024;41123692;60033668;4119509;Piraquara;PR;Sul;municipal;2;2;1,12;58,33;740,8072;2,0;85,25;61,92;80,0;3,59;3,096;73,12;757,21;2,0;80,0;74;1321;20;783,61;0;124934,0;15220,27;410,54;11,7355
2024;41124647;60033696;4125506;São José dos Pinhais;PR;Sul;municipal;2;13;1,3;67,19;748,7592;3,0;81,16499999999999;69,26;80,0;2,07;1,83;73,12;757,21;2,0;80,0;66;3798;57;796,01;0;345644,0;98245,49;279,16;12,7532
2024;31105205;60019914;3166709;Serra dos Aimorés;MG;Sudeste;municipal;2;20;1,0;51,8;741,6849;2,5;82,16499999999999;56,46;80,0;4,66;4,029;59,81;751,71;8,0;80,0;51;84;3;673,68;1;6936,0;22935,27;39,39;8,8446
2024;43013567;60036762;4304606;Canoas;RS;Sul;estadual;2;7;1,0714286;59,54;745,4293;1,5;74,91;57,6;80,0;-1,94;2,923;63,43;747,39;6,0;80,0;20;2553;67;760,6015851;0;359554,0;81119,1;2470,13;12,7926
2024;41085313;60032379;4121802;Ribeirão Claro;PR;Sul;municipal;2;20;1,19;74,58;761,9358;4,5;92,64;75,41;80,0;0,83;0,774;73,12;757,21;2,0;80,0;42;143;5;775,6;0;12770,0;47747,92;16,97;9,4549
2024;43074688;60038309;4316808;Santa Cruz do Sul;RS;Sul;municipal;2;10;1,1111111;64,84;748,6255;2,0;84,27;67,32;80,0;2,48;2,166;63,43;747,39;6,0;80,0;31;1032;37;689,8079079;1;138104,0;97003,84;161,4;11,8358
2024;35005415;60030530;3545803;Santa Bárbara d'Oeste;SP;Sudeste;municipal;2;11;1,08;54,63;743,0969;2,5;89,91;58,84;80,0;4,21;3,624;51,91;740,39;15,0;80,0;70;1579;31;712,8016848;1;189338,0;57061,93;663,08;12,1513
2024;16003511;60003786;1600303;Macapá;AP;Norte;municipal;2;15;1,05;43,33;734,2328;1,0;91,06;49,2;80,0;5,87;5,239;41,56;732,43;21,0;80,0;169;6536;104;764,47;0;487200,0;37912,27;62,14;13,0964
2024;15092671;60001922;1501402;Belém;PA;Norte;municipal;2;17;1,41;48,22;730,4555;1,0;74,905;53,42;80,0;5,2;4,54;48,38;733,29;17,0;80,0;65;8616;173;731,12;1;1398531,0;28984,74;1315,27;14,1509
2024;51012274;60040178;5105101;Juara;MT;Centro-Oeste;estadual;2;5;1,04;41,4;730,69;2,5;85,87;57,76;80,0;16,36;5,514;55,03;746,8;11,0;80,0;92;390;8;783,52;0;35899,0;51784,87;1,45;10,4885
2024;35306899;60030915;3534401;Osasco;SP;Sudeste;municipal;2;2;1,2380952;45,95;730,4882;1,0;85,66;51,47;80,0;5,52;4,864;51,91;740,39;15,0;80,0;88;6664;56;760,0627154;0;756952,0;157743,23;10411,79;13,5371
2024;31180800;60018573;3147709;Passa Tempo;MG;Sudeste;municipal;2;3;1,17;80,61;781,5002;4,5;96,84;80,0;80,0;-0,61;-0,087;59,81;751,71;8,0;80,0;64;89;2;747,75;0;8696,0;35712,4;19,1;9,0707
2024;52034724;60042057;5221403;Trindade;GO;Centro-Oeste;municipal;2;16;1,0;66,34;752,8217;3,5;91,595;68,56;80,0;2,22;1,951;66,74;752,15;4,0;80,0;46;1570;19;769,4;0;150858,0;24073,13;147,02;11,9241
2024;26067777;60012904;2608057;Jatobá;PE;Nordeste;municipal;2;2;1,0;76,14;764,2778;3,5;90,6;76,72;80,0;0,58;0,551;58,95;747,45;9,0;80,0;42;110;3;778,25;0;14463,0;12695,43;50,25;9,5794
2024;15019186;60002735;1501808;Breves;PA;Norte;municipal;2;8;1,0;44,0;730,2004;1,5;81,34;49,78;80,0;5,78;5,143;48,38;733,29;17,0;80,0;45;990;20;752,5;0;115051,0;13170,25;9,72;11,6531
2024;33112127;60025357;3304557;Rio de Janeiro;RJ;Sudeste;municipal;2;15;1,12;56,19;741,2373;2,5;84,625;60,14;80,0;3,95;3,401;52,13;737,3;14,0;80,0;72;43411;687;769,83;0;6729894,0;62179,64;5265,81;15,7221
2024;50033862;60039998;5000609;Amambai;MS;Centro-Oeste;municipal;2;15;1,08;42,01;732,3475;2,0;92,19;48,04;80,0;6,03;5,427;47,45;735,95;18,0;80,0;77;396;6;731,68;1;41414,0;58585,53;8,26;10,6314
2024;43020406;60039507;4308201;Flores da Cunha;RS;Sul;municipal;2;6;1,0;79,01;762,8497;3,0;90,77000000000001;79,15;80,0;0,14;0,141;63,43;747,39;6,0;80,0;19;279;13;747,4381541;0;31973,0;104347,04;99,2;10,3727
2024;31164776;60018707;3148608;Peçanha;MG;Sudeste;estadual;2;21;1,05;88,41;794,1393;3,0;88,66;67,16;80,0;-21,25;-1,201;59,81;751,71;8,0;80,0;44;110;4;688,54;1;17843,0;16448,19;17,32;9,7894
2024;23003153;60008942;2312908;Sobral;CE;Nordeste;municipal;2;17;1,07;98,74;840,1149;5,0;97,035;80,0;80,0;-18,74;-2,677;84,46;795,68;1,0;80,0;203;2307;34;887,2;0;215286,0;30605,47;88,67;12,2797
2024;21051466;60005698;2102309;Buriti Bravo;MA;Nordeste;municipal;2;1;1,0;31,4;719,6796;1,0;94,94;38,42;80,0;7,02;6,943;56,43;749,92;10,0;80,0;47;245;8;832,56;0;22940,0;13484,18;14,47;10,0407
2024;43092966;60038756;4320008;Sapucaia do Sul;RS;Sul;municipal;2;3;1,0416667;59,14;743,2512;1,5;85,86;62,6;80,0;3,46;2,98;63,43;747,39;6,0;80,0;112;1388;37;771,6017818;0;136542,0;34637,02;2245,91;11,8244
2024;52064354;60041348;5215231;Novo Gama;GO;Centro-Oeste;municipal;2;10;1,4;52,29;739,6349;2,0;86,94;56,87;80,0;4,58;3,959;66,74;752,15;4,0;80,0;32;986;23;793,07;0;107092,0;12605,82;489,41;11,5815
2024;23087755;60007866;2309102;Mulungu;CE;Nordeste;municipal;2;7;1,0;85,81;792,257;5,0;96,85;80,0;80,0;-5,81;-0,83;84,46;795,68;1,0;80,0;72;108;2;758,45;0;10993,0;13326,94;120,16;9,3051
2024;51045784;60040564;5108402;Várzea Grande;MT;Centro-Oeste;municipal;2;9;1,04;47,94;738,94;2,0;90,815;53,18;80,0;5,24;4,58;55,03;746,8;11,0;80,0;80;3780;64;845,21;0;314627,0;44446,97;284,45;12,6591
2024;29152254;60016453;2921054;Matina;BA;Nordeste;municipal;2;14;1,0;41,7;730,3265;1,0;93,10499999999999;47,77;80,0;6,07;5,471;36,78;724,86;23,0;80,0;82;127;4;812,59;0;10629,0;11596,67;14,37;9,2714
2024;33078707;60025480;3304904;São Gonçalo;RJ;Sudeste;municipal;2;5;1,38;45,67;732,2444;1,0;78,75999999999999;51,23;80,0;5,56;4,904;52,13;737,3;14,0;80,0;70;4415;87;738,36;1;960652,0;24008,37;4035,9;13,7754
2024;13034702;60001304;1302603;Manaus;AM;Norte;municipal;2;19;1,32;52,2;736,11;2,0;73,57;56,8;80,0;4,6;3,971;52,2;736,47;13,0;80,0;84;23125;327;787,5;0;2279686,0;55994,46;158,06;14,6395
2024;52034171;60041865;5221403;Trindade;GO;Centro-Oeste;municipal;2;12;1,0;66,34;752,8217;3,5;91,595;68,56;80,0;2,22;1,951;66,74;752,15;4,0;80,0;127;1570;19;776,08;0;150858,0;24073,13;147,02;11,9241
2024;23028997;60007331;2307254;Jijoca de Jericoacoara;CE;Nordeste;municipal;2;17;1,0;99,76;830,1665;5,0;97,44;80,0;80,0;-19,76;-2,823;84,46;795,68;1,0;80,0;49;452;8;796,59;0;27662,0;25710,11;83,02;10,2279
2024;35135441;60027221;3538709;Piracicaba;SP;Sudeste;municipal;2;5;1,0454545;54,74;743,5309;2,0;90,015;58,93;80,0;4,19;3,609;51,91;740,39;15,0;80,0;96;3598;54;682,4801798;1;438827,0;101068,5;264,77;12,9919
2024;31075369;60018135;3106200;Belo Horizonte;MG;Sudeste;municipal;2;12;1,53;57,61;748,4681;2,5;84,09;61,33;80,0;3,72;3,199;59,81;751,71;8,0;80,0;81;16012;262;759,6;0;2416339,0;53882,2;7167,02;14,6978
2024;42046520;60035700;4210035;Luzerna;SC;Sul;municipal;2;3;1,18;72,91;754,9799;4,0;85,31;74,01;80,0;1,1;1,013;61,38;747,11;7,0;80,0;59;59;1;730,25;1;5931,0;58389,65;47,93;8,6881
2024;43010303;60036649;4303509;Camaquã;RS;Sul;municipal;2;3;1,0526316;58,61;742,9523;2,0;83,93;62,16;80,0;3,55;3,056;63,43;747,39;6,0;80,0;35;560;22;816,5206279;0;63959,0;49323,43;37,37;11,066
2024;42053090;60035703;4209102;Joinville;SC;Sul;estadual;2;1;1,78;62,15;747,4319;3,0;75,965;68,23;80,0;6,08;2,55;61,38;747,11;7,0;80,0;45;5308;89;714,8;1;654888,0;76067,78;449,3;13,3922
2024;33149631;60023431;3303401;Nova Friburgo;RJ;Sudeste;municipal;2;14;1,11;65,29;749,1448;3,0;83,60499999999999;67,69;80,0;2,4;2,101;52,13;737,3;14,0;80,0;36;1534;47;748,03;0;203328,0;36234,89;195,07;12,2226
2024;35394918;60026546;3550308;São Paulo;SP;Sudeste;estadual;2;1;1,0769231;50,16;738,0494;0,5;84,24000000000001;44,37;80,0;-5,79;4,263;51,91;740,39;15,0;80,0;77;94373;1110;650,8814697;1;11895578,0;89682,49;7387,69;16,2917
2024;15039565;60003384;1504000;Limoeiro do Ajuru;PA;Norte;municipal;2;15;1,4;47,64;734,1187;1,0;81,33500000000001;52,92;80,0;5,28;4,623;48,38;733,29;17,0;80,0;109;256;14;740,07;1;31778,0;18943,64;16,79;10,3666
2024;42040362;60036141;4208401;Itapiranga;SC;Sul;municipal;2;10;1,08;71,58;753,6581;4,0;84,50999999999999;72,9;80,0;1,32;1,203;61,38;747,11;7,0;80,0;60;231;8;782,28;0;17149,0;79885,07;55,01;9,7498
2024;24022769;60009842;2412906;São Tomé;RN;Nordeste;municipal;2;16;1,29;20,09;701,8644;0,0;82,825;27,18;80,0;7,09;8,559;37,24;724,89;22,0;80,0;36;63;3;737,18;1;10188,0;18144,48;12,55;9,2291
2024;31092653;60019575;3148004;Patos de Minas;MG;Sudeste;estadual;2;9;1,08;70,81;765,8133;3,5;90,425;70,88;80,0;0,07;1,313;59,81;751,71;8,0;80,0;95;1280;24;809,37;0;167870,0;48557,63;43,49;12,031
2024;33116895;60025103;3304557;Rio de Janeiro;RJ;Sudeste;municipal;2;1;1,24;56,19;741,2373;2,5;84,625;60,14;80,0;3,95;3,401;52,13;737,3;14,0;80,0;87;43411;687;793,2;0;6729894,0;62179,64;5265,81;15,7221
2024;35326026;60026042;3552502;Suzano;SP;Sudeste;estadual;2;11;1,1;50,64;737,2065;1,0;87,44;48,1;80,0;-2,54;4,194;51,91;740,39;15,0;80,0;40;3638;52;735,89078;1;318765,0;58408,85;1270,37;12,6722
2024;35335651;60030013;3552809;Taboão da Serra;SP;Sudeste;municipal;2;7;1,3043478;45,59;731,3697;1,0;84,87;51,16;80,0;5,57;4,916;51,91;740,39;15,0;80,0;91;2465;26;768,4656971;0;284274,0;42508,91;12049,87;12,5577
2024;28003070;60014586;2802908;Itabaiana;SE;Nordeste;municipal;2;10;1,29;26,63;707,6382;0,5;87,96000000000001;33,84;80,0;7,21;7,624;31,3;713,13;24,0;80,0;71;776;28;787,08;0;108408,0;27144,55;258,3;11,5937
2024;23005291;60008914;2301208;Aracoiaba;CE;Nordeste;municipal;2;17;1,07;87,25;788,56;5,0;96,245;80,0;80,0;-7,25;-1,036;84,46;795,68;1,0;80,0;31;317;11;830,02;0;26696,0;12596,79;38,67;10,1923
2024;52062212;60041855;5217609;Planaltina;GO;Centro-Oeste;municipal;2;6;1,21;65,51;749,5247;3,5;90,955;67,87;80,0;2,36;2,07;66,74;752,15;4,0;80,0;91;1543;33;662,18;1;110619,0;17536,81;32,17;11,6139
2024;35319570;60029032;3548708;São Bernardo do Campo;SP;Sudeste;municipal;2;12;1,25;55,57;743,3592;2,0;86,1;59,62;80,0;4,05;3,49;51,91;740,39;15,0;80,0;123;6727;74;749,9752166;0;840499,0;85622,7;1872,59;13,6418
2024;32044158;60022507;3201902;Domingos Martins;ES;Sudeste;municipal;2;20;1,11;80,64;766,9963;5,0;92,87;80,0;80,0;-0,64;-0,091;67,93;753,72;3,0;80,0;9;382;17;619,03;1;37972,0;34103,39;25,99;10,5446
2024;52037835;60040891;5207105;Diorama;GO;Centro-Oeste;municipal;2;19;1,0;100,0;786,6255;4,5;96,775;80,0;80,0;-20,0;-2,857;66,74;752,15;4,0;80,0;22;22;1;794,14;0;2023,0;60173,5;3,61;7,6128
2024;13027137;60001175;1304302;Urucará;AM;Norte;municipal;2;6;1,1;57,02;740,699;3,0;91,215;60,83;80,0;3,81;3,283;52,2;736,47;13,0;80,0;70;180;4;699,48;1;19505,0;12537,66;0,61;9,8785
2024;41010262;60032472;4101606;Arapoti;PR;Sul;municipal;2;12;1,05;75,42;754,3557;3,5;91,33500000000001;76,12;80,0;0,7;0,654;73,12;757,21;2,0;80,0;38;342;7;825,73;0;26310,0;62064,58;19,0;10,1777
2024;31117302;60021940;3170206;Uberlândia;MG;Sudeste;municipal;2;8;1,48;50,92;739,817;2,5;83,35;55,71;80,0;4,79;4,154;59,81;751,71;8,0;80,0;167;5954;86;770,61;0;754954,0;67640,79;146,78;13,5344
2024;41072144;60033432;4104204;Campo Largo;PR;Sul;municipal;2;7;1,0;73,34;757,5647;3,5;87,205;74,37;80,0;1,03;0,951;73,12;757,21;2,0;80,0;77;1576;34;752,81;0;142695,0;49548,99;89,94;11,8685
2024;35424382;60030640;3550308;São Paulo;SP;Sudeste;municipal;2;1;1,0344828;37,87;721,2607;0,5;84,24000000000001;44,37;80,0;6,5;6,019;51,91;740,39;15,0;80,0;84;94373;1110;715,2869426;1;11895578,0;89682,49;7387,69;16,2917
2024;32029556;60022393;3204906;São Mateus;ES;Sudeste;municipal;2;11;1,04;67,19;751,3222;3,0;88,69;69,26;80,0;2,07;1,83;67,93;753,72;3,0;80,0;115;1514;34;815,48;0;133359,0;32659,49;46,53;11,8008
2024;35182925;60028640;3549805;São José do Rio Preto;SP;Sudeste;municipal;2;18;1,3333333;52,06;741,4672;2,0;86,975;56,68;80,0;4,62;3,991;51,91;740,39;15,0;80,0;58;3296;44;767,6771187;0;501597,0;52612,2;946,53;13,1256
2024;52002381;60041159;5208707;Goiânia;GO;Centro-Oeste;municipal;2;8;1,0;66,56;750,6494;3,0;84,00999999999999;68,74;80,0;2,18;1,92;66,74;752,15;4,0;80,0;78;8840;164;779,43;0;1494599,0;50703,13;1776,75;14,2174
2024;43108037;60039572;4320453;Sério;RS;Sul;municipal;2;7;1,0;85,41;763,5525;2,5;92,10499999999999;80,0;80,0;-5,41;-0,773;63,43;747,39;6,0;80,0;18;18;1;687,4236984;1;2093,0;33602,01;22,9;7,6468
2024;41133798;60033571;4106902;Curitiba;PR;Sul;municipal;2;1;1,18;70,41;753,0573;3,5;80,41499999999999;71,93;80,0;1,52;1,37;73,12;757,21;2,0;80,0;119;12923;183;671,97;1;1829225,0;65637,24;4024,84;14,4194
2024;33102496;60024395;3304557;Rio de Janeiro;RJ;Sudeste;municipal;2;13;1,04;56,19;741,2373;2,5;84,625;60,14;80,0;3,95;3,401;52,13;737,3;14,0;80,0;86;43411;687;795,95;0;6729894,0;62179,64;5265,81;15,7221
2024;43063723;60038042;4314902;Porto Alegre;RS;Sul;estadual;2;11;1,2941176;48,75;735,6054;;;;;;;63,43;747,39;6,0;80,0;50;7389;236;717,5931128;1;1389322,0;75391,65;2837,52;14,1443
2024;41113464;60033093;4113304;Laranjeiras do Sul;PR;Sul;municipal;2;2;1,08;72,14;758,5406;3,5;85,84;73,37;80,0;1,23;1,123;73,12;757,21;2,0;80,0;64;408;12;785,58;0;33103,0;37184,67;45,79;10,4074
2024;35033632;60029468;3504107;Atibaia;SP;Sudeste;municipal;2;8;1,0;70,55;763,927;3,5;92,315;72,05;80,0;1,5;1,35;51,91;740,39;15,0;80,0;21;1697;26;807,1711517;0;166043,0;56771,94;264,61;12,02
2024;15099195;60001677;1506807;Santarém;PA;Norte;municipal;2;15;1,16;54,92;738,9022;2,0;81,635;59,08;80,0;4,16;3,583;48,38;733,29;17,0;80,0;39;4040;90;741,44;1;357311,0;24297,79;12,87;12,7864
2024;15037761;60003040;1503705;Itupiranga;PA;Norte;municipal;2;14;1,13;42,67;724,5942;1,0;83,805;48,62;80,0;5,95;5,333;48,38;733,29;17,0;80,0;45;486;8;732,44;1;52187,0;18774,64;6,5;10,8626
2024;35041837;60026334;3509502;Campinas;SP;Sudeste;estadual;2;5;1,1153846;58,44;751,3349;1,0;86,725;47,76;80,0;-10,68;3,08;51,91;740,39;15,0;80,0;82;8899;141;734,2026927;1;1185977,0;77546,47;1358,63;13,9861
2024;31171953;60020205;3162005;São Gonçalo do Sapucaí;MG;Sudeste;municipal;2;16;1,05;76,27;771,7084;4,0;94,95;76,83;80,0;0,56;0,533;59,81;751,71;8,0;80,0;59;239;7;764,85;0;24480,0;48581,58;46,27;10,1057
2024;15008282;60001876;1500800;Ananindeua;PA;Norte;municipal;2;7;1,14;59,04;743,5709;2,0;82,005;62,51;80,0;3,47;2,994;48,38;733,29;17,0;80,0;47;4114;86;777,09;0;507838,0;22593,62;2477,56;13,1379
2024;26007017;60013101;2613107;São Caitano;PE;Nordeste;municipal;2;1;1,04;45,1;730,865;1,5;95,23500000000001;50,74;80,0;5,64;4,986;58,95;747,45;9,0;80,0;45;338;8;660,75;1;39117,0;14724,6;92,23;10,5743
2024;27005119;60013309;2700706;Batalha;AL;Nordeste;municipal;2;3;1,14;33,15;717,5115;0,5;96,11500000000001;40,06;80,0;6,91;6,693;43,88;729,72;19,0;80,0;14;146;6;809,86;0;17103,0;18051,39;53,21;9,7471
2024;23051816;60008129;2304954;Guaiúba;CE;Nordeste;municipal;2;18;1,0;72,74;769,7304;4,0;97,635;73,87;80,0;1,13;1,037;84,46;795,68;1,0;80,0;19;243;7;751,32;0;25085,0;12578,11;94,83;10,1301
2024;35111326;60027824;3526902;Limeira;SP;Sudeste;municipal;2;5;1,0;62,38;752,723;3,0;90,82;65,28;80,0;2,9;2,517;51,91;740,39;15,0;80,0;71;2425;45;803,9792177;0;300728,0;69421,34;475,08;12,614
2024;50001372;60039676;5002704;Campo Grande;MS;Centro-Oeste;municipal;2;4;1,0;41,61;726,7477;1,5;86,66499999999999;47,69;80,0;6,08;5,484;47,45;735,95;18,0;80,0;81;10001;98;793,93;0;954537,0;44283,01;97,22;13,769
2024;43068920;60039391;4314902;Porto Alegre;RS;Sul;municipal;2;6;1,0909091;40,04;726,7029;;;;;;;63,43;747,39;6,0;80,0;38;7389;236;635,0775005;1;1389322,0;75391,65;2837,52;14,1443
2024;21024930;60006138;2100600;Amarante do Maranhão;MA;Nordeste;municipal;2;19;1,1;45,63;736,7603;1,0;88,825;51,2;80,0;5,57;4,91;56,43;749,92;10,0;80,0;88;309;10;639,16;1;38333,0;13063,99;5,1;10,5541
2024;35136185;60029079;3538709;Piracicaba;SP;Sudeste;municipal;2;18;1,0;54,74;743,5309;2,0;90,015;58,93;80,0;4,19;3,609;51,91;740,39;15,0;80,0;12;3598;54;716,5336884;1;438827,0;101068,5;264,77;12,9919
2024;31045738;60020118;3170206;Uberlândia;MG;Sudeste;estadual;2;10;1,04;57,02;747,6831;2,5;83,35;55,71;80,0;-1,31;3,283;59,81;751,71;8,0;80,0;84;5954;86;693,83;1;754954,0;67640,79;146,78;13,5344
2024;11002522;60000182;1100049;Cacoal;RO;Norte;municipal;2;16;1,04;62,51;755,5645;3,0;88,505;65,39;80,0;2,88;2,499;64,6;759,44;5,0;80,0;150;951;19;784,62;0;97637,0;39416,08;20,72;11,489
2024;43020500;60036934;4305108;Caxias do Sul;RS;Sul;municipal;2;5;1,2083333;69,15;752,3406;2,0;82,49;70,89;80,0;1,74;1,55;63,43;747,39;6,0;80,0;57;3664;105;760,039956;0;479256,0;78998,7;264,89;13,08
2024;12005198;60000449;1200500;Sena Madureira;AC;Norte;municipal;2;14;1,16;;;;;;;;;;;;;66;482;13;769,68;0;43916,0;22147,92;1,6;10,6901
2024;35310388;60031720;3547809;Santo André;SP;Sudeste;estadual;2;6;1,0344828;58,1;749,5287;2,0;87,725;57,33;80,0;-0,77;3,129;51,91;740,39;15,0;80,0;29;4506;81;792,7973069;0;778711,0;47426,26;3866,35;13,5654
2024;31168840;60020791;3140803;Matias Barbosa;MG;Sudeste;municipal;2;15;1,13;58,84;748,8416;3,0;84,12;62,35;80,0;3,51;3,023;59,81;751,71;8,0;80,0;29;114;4;802,65;0;14501,0;60627,47;85,51;9,582
2024;13017007;60001179;1303007;Nhamundá;AM;Norte;estadual;2;16;1,0;73,21;754,1621;2,5;93,66499999999999;67,18;80,0;-6,03;0,97;52,2;736,47;13,0;80,0;52;136;3;676,35;1;21106,0;11358,43;1,3;9,9574
2024;43058197;60037878;4314407;Pelotas;RS;Sul;estadual;2;14;1,1904762;53,69;738,2141;0,0;70,03;;80,0;;3,759;63,43;747,39;6,0;80,0;21;1963;79;788,242787;0;336131,0;37131,12;203,89;12,7253
2024;26064205;60011660;2602803;Buíque;PE;Nordeste;municipal;2;8;1,0;52,54;741,7373;2,0;94,97999999999999;57,08;80,0;4,54;3,923;58,95;747,45;9,0;80,0;55;508;10;723,22;1;54425,0;11889,08;38,66;10,9046
2024;35253332;60028697;3513009;Cotia;SP;Sudeste;municipal;2;1;1,0833333;50,67;738,9797;1,5;88,13;55,5;80,0;4,83;4,19;51,91;740,39;15,0;80,0;48;2899;53;683,04772;1;287004,0;66412,92;622,55;12,5673
2024;32000653;60022647;3205002;Serra;ES;Sudeste;estadual;2;15;1,26;69,15;754,9531;2,0;85,22999999999999;62,54;80,0;-6,61;1,55;67,93;753,72;3,0;80,0;82;6396;80;733,87;1;572274,0;65788,69;739,38;13,2574
2024;35272755;60025998;3518800;Guarulhos;SP;Sudeste;estadual;2;18;1,0;60,45;752,2969;0,5;85,405;45,75;80,0;-14,7;2,793;51,91;740,39;15,0;80,0;88;13135;139;794,4973227;0;1345364,0;72513,96;3828,36;14,1122
2024;50009416;60040027;5002704;Campo Grande;MS;Centro-Oeste;municipal;2;14;1,06;41,61;726,7477;1,5;86,66499999999999;47,69;80,0;6,08;5,484;47,45;735,95;18,0;80,0;53;10001;98;728,26;1;954537,0;44283,01;97,22;13,769
2024;52042747;60040893;5213707;Montes Claros de Goiás;GO;Centro-Oeste;municipal;2;4;1,04;66,57;750,0498;3,5;93,815;68,75;80,0;2,18;1,919;66,74;752,15;4,0;80,0;26;96;3;836,84;0;8972,0;91178,0;2,75;9,102
2024;35030301;60030962;3507506;Botucatu;SP;Sudeste;municipal;2;18;1,1428571;59,1;748,9128;2,0;91,47;62,56;80,0;3,46;2,986;51,91;740,39;15,0;80,0;61;1152;22;758,9975354;0;150442,0;53124,45;85,88;11,9213
2024;52026361;60042089;5208004;Formosa;GO;Centro-Oeste;municipal;2;13;1,04;63,28;749,1132;3,0;91,39;66,03;80,0;2,75;2,389;66,74;752,15;4,0;80,0;49;1171;34;775,46;0;120478,0;32522,44;17,22;11,6992
2024;23015332;60007827;2306603;Itatira;CE;Nordeste;municipal;2;7;1,0;99,62;825,1054;5,0;99,39;80,0;80,0;-19,62;-2,803;84,46;795,68;1,0;80,0;30;222;8;805,91;0;21087,0;11197,8;24,12;9,9565
2024;13020025;60001085;1303536;Presidente Figueiredo;AM;Norte;municipal;2;17;1,57;34,17;714,1336;0,0;71,02;41,0;80,0;6,83;6,547;52,2;736,47;13,0;80,0;14;450;13;719,4;1;33004,0;22127,71;1,07;10,4044
2024;35292789;60031757;3529401;Mauá;SP;Sudeste;estadual;2;15;1,0740741;64,23;760,3227;1,0;80,75;51,29;80,0;-12,94;2,253;51,91;740,39;15,0;80,0;107;3825;39;734,1972823;1;429380,0;58225,19;6803,54;12,9701
2024;43044759;60036547;4302402;Bom Retiro do Sul;RS;Sul;municipal;2;4;1,0909091;78,19;762,655;3,5;88,4;78,46;80,0;0,27;0,259;63,43;747,39;6,0;80,0;11;131;6;728,8340178;1;12578,0;40525,12;112,11;9,4398
2024;53001210;60042497;5300108;Brasília;DF;Centro-Oeste;estadual;2;1;1,06;;;;;;;;;;;;;227;22111;360;769,93;0;2982818,0;122591,83;444,07;14,9084
2024;41025098;60032440;4121703;Reserva;PR;Sul;municipal;2;13;1,13;72,87;760,0019;4,5;84,32499999999999;73,98;80,0;1,11;1,019;73,12;757,21;2,0;80,0;73;301;8;691,64;1;24851,0;30758,16;15,4;10,1207
2024;35073149;60027592;3535804;Paranapanema;SP;Sudeste;municipal;2;1;1,25;49,33;738,2096;1,0;85,61500000000001;54,37;80,0;5,04;4,381;51,91;740,39;15,0;80,0;99;212;5;747,6564829;0;19799,0;61747,92;17,48;9,8934
2024;35317514;60028506;3548708;São Bernardo do Campo;SP;Sudeste;municipal;2;12;1,2631579;55,57;743,3592;2,0;86,1;59,62;80,0;4,05;3,49;51,91;740,39;15,0;80,0;57;6727;74;720,4163352;1;840499,0;85622,7;1872,59;13,6418
2024;35038262;60026319;3509502;Campinas;SP;Sudeste;estadual;2;8;1,1153846;58,44;751,3349;1,0;86,725;47,76;80,0;-10,68;3,08;51,91;740,39;15,0;80,0;74;8899;141;794,6878868;0;1185977,0;77546,47;1358,63;13,9861
2024;41018729;60033293;4125605;São Mateus do Sul;PR;Sul;municipal;2;18;1,08;83,07;766,0506;4,5;89,875;80,0;80,0;-3,07;-0,439;73,12;757,21;2,0;80,0;25;507;16;745,62;0;43413,0;44552,14;30,73;10,6785
2024;23073535;60009516;2305001;Guaraciaba do Norte;CE;Nordeste;municipal;2;9;1,0;98,55;828,4936;5,0;99,92;80,0;80,0;-18,55;-2,65;84,46;795,68;1,0;80,0;28;620;18;895,04;0;44294,0;19830,09;61,78;10,6986
2024;35181062;60030333;3530409;Mirassolândia;SP;Sudeste;municipal;2;9;1,0;59,21;745,8809;2,0;96,485;62,66;80,0;3,45;2,97;51,91;740,39;15,0;80,0;48;48;1;782,6588818;0;4771,0;79260,95;25,85;8,4705
2024;17014116;60004239;1702208;Araguatins;TO;Norte;municipal;2;18;1,56;35,15;729,4976;1,0;86,005;41,9;80,0;6,75;6,407;43,72;734,29;20,0;80,0;76;312;10;651,03;1;33205,0;19317,57;11,93;10,4105
2024;33076033;60025696;3304524;Rio das Ostras;RJ;Sudeste;municipal;2;12;1,25;65,82;751,6922;3,0;82,995;68,13;80,0;2,31;2,026;52,13;737,3;14,0;80,0;85;1585;17;772,86;0;168099,0;63057,47;461,38;12,0323
2024;35248605;60026571;3510609;Carapicuíba;SP;Sudeste;estadual;2;9;1,1666667;51,24;739,3033;1,0;82,91;50,83;80,0;-0,41;4,109;51,91;740,39;15,0;80,0;100;3977;40;788,145092;0;398462,0;21173,45;10680,08;12,8954
2024;50028632;60039899;5005707;Naviraí;MS;Centro-Oeste;municipal;2;12;1,14;60,27;750,1117;2,5;91,11500000000001;63,53;80,0;3,26;2,819;47,45;735,95;18,0;80,0;101;801;8;771,69;0;52707,0;69634,15;14,54;10,8725
2024;41000148;60031858;4124202;Santo Antônio do Caiuá;PR;Sul;municipal;2;17;1,06;82,83;753,9795;5,0;94,625;80,0;80,0;-2,83;-0,404;73,12;757,21;2,0;80,0;34;34;1;779,38;0;2496,0;28055,69;12,45;7,8228
2024;35139392;60029714;3553005;Taguaí;SP;Sudeste;municipal;2;6;1,0;58,59;753,4191;3,0;92,86;62,14;80,0;3,55;3,059;51,91;740,39;15,0;80,0;61;134;3;753,0701684;0;13006,0;31472,78;74,51;9,4732
2024;35316349;60027506;3548708;São Bernardo do Campo;SP;Sudeste;municipal;2;15;1,25;55,57;743,3592;2,0;86,1;59,62;80,0;4,05;3,49;51,91;740,39;15,0;80,0;88;6727;74;720,3240635;1;840499,0;85622,7;1872,59;13,6418
2024;21053585;60005478;2111953;Sucupira do Riachão;MA;Nordeste;municipal;2;21;1,0;75,39;788,8061;4,5;97,56;76,09;80,0;0,7;0,659;56,43;749,92;10,0;80,0;18;31;2;809,93;0;5088,0;12424,14;8,17;8,5348
2024;43032240;60037715;4313805;Palmitinho;RS;Sul;estadual;2;4;1,1111111;61,52;747,8274;4,0;93,00999999999999;80,0;80,0;18,48;2,64;63,43;747,39;6,0;80,0;9;89;4;761,7810563;0;8032,0;33033,49;48,04;8,9913
2024;35150237;60030668;3541406;Presidente Prudente;SP;Sudeste;municipal;2;17;1,2;54,07;742,7308;2,5;89,1;58,37;80,0;4,3;3,704;51,91;740,39;15,0;80,0;40;1708;31;822,6649113;0;234083,0;49630,26;368,89;12,3634
2024;23006519;60008849;2311108;Porteiras;CE;Nordeste;municipal;2;18;1,0;93,46;815,209;5,0;98,36;80,0;80,0;-13,46;-1,923;84,46;795,68;1,0;80,0;103;252;8;839,18;0;17745,0;13097,66;69,22;9,7839
2024;31107296;60019038;3137700;Lajinha;MG;Sudeste;municipal;2;3;1,0;72,03;764,4031;3,5;88,82;73,28;80,0;1,25;1,139;59,81;751,71;8,0;80,0;171;209;2;773,42;0;21422,0;23720,43;45,4;9,9722
2024;17012355;60004009;1717503;Pium;TO;Norte;municipal;2;12;1,06;21,88;704,5085;0,5;86,19;29,05;80,0;7,17;8,303;43,72;734,29;20,0;80,0;55;64;2;813,12;0;7375,0;62186,44;0,67;8,906
2024;32035263;60022526;3202900;Itarana;ES;Sudeste;municipal;2;17;1,0;78,04;764,9817;4,5;95,745;78,33;80,0;0,29;0,28;67,93;753,72;3,0;80,0;11;81;4;803,5;0;10984,0;40171,25;36,38;9,3043
2024;43075385;60038315;4306379;Dilermando de Aguiar;RS;Sul;municipal;2;6;1,1;67,29;749,7607;2,5;91,27000000000001;69,35;80,0;2,06;1,816;63,43;747,39;6,0;80,0;10;27;2;790,906039;0;2859,0;70982,51;5,1;7,9586
2024;26006935;60012999;2613107;São Caitano;PE;Nordeste;municipal;2;1;1,0;45,1;730,865;1,5;95,23500000000001;50,74;80,0;5,64;4,986;58,95;747,45;9,0;80,0;62;338;8;757,85;0;39117,0;14724,6;92,23;10,5743
2024;35016267;60028932;3528809;Maracaí;SP;Sudeste;municipal;2;8;1,0625;84,81;781,7885;5,0;93,2;80,0;80,0;-4,81;-0,687;51,91;740,39;15,0;80,0;27;110;2;836,0824247;0;12826,0;81060,03;24,97;9,4593
2024;29186700;60015537;2926301;Riachão do Jacuípe;BA;Nordeste;municipal;2;9;1,0;38,41;721,2749;0,0;84,60499999999999;44,85;80,0;6,44;5,941;36,78;724,86;23,0;80,0;31;172;8;659,45;1;35118,0;16114,61;27,87;10,4665
2024;42074385;60034870;4216206;São Francisco do Sul;SC;Sul;estadual;2;9;1,71;49,16;734,5414;;;;;;;61,38;747,11;7,0;80,0;33;439;19;735,23;1;55784,0;132588,77;86,25;10,9293
2024;21049638;60006021;2101608;Barra do Corda;MA;Nordeste;municipal;2;13;1,04;65,45;761,7888;3,0;91,03999999999999;67,82;80,0;2,37;2,079;56,43;749,92;10,0;80,0;94;782;21;779,71;0;87672,0;13207,52;15,92;11,3814
2024;15066797;60001827;1506302;Salvaterra;PA;Norte;municipal;2;5;1,11;51,95;735,4289;1,5;85,42;56,58;80,0;4,63;4,007;48,38;733,29;17,0;80,0;18;191;8;771,45;0;25441,0;10640,23;19,42;10,1442
2024;27008083;60013743;2702306;Coruripe;AL;Nordeste;municipal;2;8;1,0;94,13;797,3695;5,0;96,9;80,0;80,0;-14,13;-2,019;43,88;729,72;19,0;80,0;31;787;16;743,83;0;51788,0;46358,6;56,77;10,8549
2024;35309995;60026131;3547809;Santo André;SP;Sudeste;estadual;2;2;1,0714286;58,1;749,5287;2,0;87,725;57,33;80,0;-0,77;3,129;51,91;740,39;15,0;80,0;86;4506;81;755,5860064;0;778711,0;47426,26;3866,35;13,5654
2024;43018590;60036902;4305108;Caxias do Sul;RS;Sul;municipal;2;5;1,1764706;69,15;752,3406;2,0;82,49;70,89;80,0;1,74;1,55;63,43;747,39;6,0;80,0;36;3664;105;753,0339374;0;479256,0;78998,7;264,89;13,08
2024;35438397;60026527;3550308;São Paulo;SP;Sudeste;estadual;2;10;1,0;50,16;738,0494;0,5;84,24000000000001;44,37;80,0;-5,79;4,263;51,91;740,39;15,0;80,0;158;94373;1110;789,91513;0;11895578,0;89682,49;7387,69;16,2917
2024;33008517;60025740;3300456;Belford Roxo;RJ;Sudeste;municipal;2;5;1,0;34,73;722,0196;0,0;74,895;41,51;80,0;6,78;6,467;52,13;737,3;14,0;80,0;76;3174;67;750,74;0;518263,0;18690,01;6031,38;13,1582
2024;26067483;60012770;2603926;Carnaubeira da Penha;PE;Nordeste;municipal;2;14;1,0;84,31;772,758;5,0;99,22999999999999;80,0;80,0;-4,31;-0,616;58,95;747,45;9,0;80,0;32;53;2;782,09;0;12682,0;8441,81;11,73;9,448
2024;17010958;60004161;1701903;Araguacema;TO;Norte;municipal;2;6;1,4;38,62;730,9658;0,5;87,545;45,04;80,0;6,42;5,911;43,72;734,29;20,0;80,0;14;84;4;773,56;0;6039,0;68208,48;2,27;8,7062
2024;50000554;60039663;5002704;Campo Grande;MS;Centro-Oeste;municipal;2;5;1,12;41,61;726,7477;1,5;86,66499999999999;47,69;80,0;6,08;5,484;47,45;735,95;18,0;80,0;145;10001;98;692,71;1;954537,0;44283,01;97,22;13,769
2024;26057023;60011473;2603900;Carnaíba;PE;Nordeste;municipal;2;20;1,0;91,81;781,4989;5,0;97,86;80,0;80,0;-11,81;-1,687;58,95;747,45;9,0;80,0;32;252;8;788,29;0;19513,0;10910,21;43,42;9,8789
2024;23036158;60008907;2308401;Missão Velha;CE;Nordeste;municipal;2;7;1,0;74,75;772,7485;4,5;95,825;75,55;80,0;0,8;0,75;84,46;795,68;1,0;80,0;47;396;16;763,88;0;38767,0;15432,22;52,69;10,5654
2024;35033607;60029466;3504107;Atibaia;SP;Sudeste;municipal;2;3;1,2631579;70,55;763,927;3,5;92,315;72,05;80,0;1,5;1,35;51,91;740,39;15,0;80,0;19;1697;26;806,4242389;0;166043,0;56771,94;264,61;12,02
2024;35227927;60029198;3542206;Rancharia;SP;Sudeste;municipal;2;5;1,1428571;60,04;749,0974;3,0;92,44;63,34;80,0;3,3;2,851;51,91;740,39;15,0;80,0;88;346;6;794,2732055;0;29305,0;68236,03;18,14;10,2855
2024;41119739;60031968;4102505;Barbosa Ferraz;PR;Sul;municipal;2;15;1,22;91,0;783,186;4,5;89,92;80,0;80,0;-11,0;-1,571;73,12;757,21;2,0;80,0;93;93;1;736,3;1;10692,0;32001,03;23,5;9,2773
2024;26051269;60012542;2611606;Recife;PE;Nordeste;municipal;2;21;1,24;62,39;749,1934;2,5;91,965;65,29;80,0;2,9;2,516;58,95;747,45;9,0;80,0;80;9918;200;807,77;0;1587707,0;41790,65;7037,61;14,2778
2024;33122526;60024613;3304557;Rio de Janeiro;RJ;Sudeste;municipal;2;21;1,07;56,19;741,2373;2,5;84,625;60,14;80,0;3,95;3,401;52,13;737,3;14,0;80,0;30;43411;687;777,43;0;6729894,0;62179,64;5265,81;15,7221
2024;31158189;60019619;3143005;Monte Belo;MG;Sudeste;municipal;2;15;1,09;50,21;739,7567;3,5;90,91;55,11;80,0;4,9;4,256;59,81;751,71;8,0;80,0;112;141;3;774,63;0;13340,0;36437,86;31,0;9,4986
2024;35231472;60029065;3557006;Votorantim;SP;Sudeste;municipal;2;3;1,3157895;48,87;738,2782;1,5;88,99;53,97;80,0;5,1;4,447;51,91;740,39;15,0;80,0;38;1103;24;776,8010672;0;132849,0;39214,85;592,47;11,797
2024;35374263;60025849;3550308;São Paulo;SP;Sudeste;estadual;2;1;1,1153846;50,16;738,0494;0,5;84,24000000000001;44,37;80,0;-5,79;4,263;51,91;740,39;15,0;80,0;133;94373;1110;773,5377676;0;11895578,0;89682,49;7387,69;16,2917
2024;52016286;60041080;5201405;Aparecida de Goiânia;GO;Centro-Oeste;municipal;2;16;1,07;60,67;746,7593;3,0;86,625;63,87;80,0;3,2;2,761;66,74;752,15;4,0;80,0;104;5449;61;706,18;1;550925,0;37916,12;1580,27;13,2194
2024;42048004;60035990;4209102;Joinville;SC;Sul;municipal;2;8;1,34;65,94;751,7973;3,0;75,965;68,23;80,0;2,29;2,009;61,38;747,11;7,0;80,0;169;5308;89;777,91;0;654888,0;76067,78;449,3;13,3922
2024;23055875;60007930;2302206;Beberibe;CE;Nordeste;municipal;2;12;1,0;78,11;780,2903;4,5;96,47999999999999;78,39;80,0;0,28;0,27;84,46;795,68;1,0;80,0;16;676;26;791,58;0;55666,0;25967,47;30,37;10,9271
2024;42075982;60036264;4216602;São José;SC;Sul;municipal;2;9;2,06;65,4;750,2722;;;;;;;61,38;747,11;7,0;80,0;64;1883;40;723,31;1;289949,0;53718,66;1388,17;12,5775
2024;52058518;60041472;5200134;Acreúna;GO;Centro-Oeste;municipal;2;1;1,03;58,49;745,9411;3,5;91,36;62,06;80,0;3,57;3,073;66,74;752,15;4,0;80,0;110;261;4;813,81;0;21995,0;54020,41;12,95;9,9986
2024;32046307;60022389;3204906;São Mateus;ES;Sudeste;municipal;2;1;1,2;67,19;751,3222;3,0;88,69;69,26;80,0;2,07;1,83;67,93;753,72;3,0;80,0;15;1514;34;759,76;0;133359,0;32659,49;46,53;11,8008
2024;27010931;60013834;2703304;Inhapi;AL;Nordeste;municipal;2;14;1,13;65,05;751,121;4,0;97,945;67,49;80,0;2,44;2,136;43,88;729,72;19,0;80,0;15;226;7;803,97;0;15417,0;13623,86;47,49;9,6433
2024;29069667;60016931;2910727;Eunápolis;BA;Nordeste;municipal;2;8;1,0;34,62;719,3496;0,0;83,92;41,41;80,0;6,79;6,483;36,78;724,86;23,0;80,0;117;787;18;769,26;0;120515,0;35385,58;84,98;11,6995
2024;24007465;60009755;2402006;Caicó;RN;Nordeste;estadual;2;14;1,09;46,59;739,4085;0,5;81,83;42,3;80,0;-4,29;4,773;37,24;724,89;22,0;80,0;65;309;15;736,31;1;63339,0;27404,87;51,04;11,0563
2024;31049007;60019683;3152105;Ponte Nova;MG;Sudeste;estadual;2;4;1,14;41,42;733,5263;3,5;87,53999999999999;57,17;80,0;15,75;5,511;59,81;751,71;8,0;80,0;42;433;15;757,86;0;59569,0;43547,13;121,94;10,9949
2024;35376728;60031464;3550308;São Paulo;SP;Sudeste;estadual;2;15;1,1666667;50,16;738,0494;0,5;84,24000000000001;44,37;80,0;-5,79;4,263;51,91;740,39;15,0;80,0;151;94373;1110;762,1054711;0;11895578,0;89682,49;7387,69;16,2917
2024;35320452;60029604;3548708;São Bernardo do Campo;SP;Sudeste;municipal;2;6;1,0526316;55,57;743,3592;2,0;86,1;59,62;80,0;4,05;3,49;51,91;740,39;15,0;80,0;97;6727;74;791,8228781;0;840499,0;85622,7;1872,59;13,6418
2024;13035513;60001311;1302603;Manaus;AM;Norte;municipal;2;2;1,42;52,2;736,11;2,0;73,57;56,8;80,0;4,6;3,971;52,2;736,47;13,0;80,0;133;23125;327;644,54;1;2279686,0;55994,46;158,06;14,6395
2024;33116653;60024692;3304557;Rio de Janeiro;RJ;Sudeste;municipal;2;11;1,04;56,19;741,2373;2,5;84,625;60,14;80,0;3,95;3,401;52,13;737,3;14,0;80,0;104;43411;687;772,7;0;6729894,0;62179,64;5265,81;15,7221
2024;26055415;60013148;2612208;Salgueiro;PE;Nordeste;municipal;2;3;1,0;75,94;761,086;4,0;96,37;76,55;80,0;0,61;0,58;58,95;747,45;9,0;80,0;103;723;14;793,14;0;65635,0;21177,25;33,57;11,0919
2024;26034879;60012648;2602902;Cabo de Santo Agostinho;PE;Nordeste;municipal;2;10;1,18;55,12;742,1995;2,0;90,53;59,25;80,0;4,13;3,554;58,95;747,45;9,0;80,0;64;1976;50;795,76;0;216969,0;73271,39;414,32;12,2875
2024;26021660;60012116;2615508;Tracunhaém;PE;Nordeste;municipal;2;21;1,11;59,32;741,9354;3,0;95,5;62,75;80,0;3,43;2,954;58,95;747,45;9,0;80,0;63;123;4;720,39;1;14393,0;13796,29;110,27;9,5746
2024;22014280;60007177;2211001;Teresina;PI;Nordeste;municipal;2;3;1,04;48,21;738,1982;1,5;91,265;53,41;80,0;5,2;4,541;52,48;744,66;12,0;80,0;128;6896;125;712,16;1;902644,0;32625,34;584,95;13,7131
2024;29033416;60015863;2905701;Camaçari;BA;Nordeste;municipal;2;17;1,0;33,55;720,8822;0,0;88,485;40,43;80,0;6,88;6,636;36,78;724,86;23,0;80,0;35;2552;54;719,39;1;319394,0;85846,57;309,65;12,6742
2024;53000544;60042379;5300108;Brasília;DF;Centro-Oeste;estadual;2;10;1,36;;;;;;;;;;;;;90;22111;360;772,67;0;2982818,0;122591,83;444,07;14,9084
2024;26050509;60012508;2611606;Recife;PE;Nordeste;municipal;2;10;1,0;62,39;749,1934;2,5;91,965;65,29;80,0;2,9;2,516;58,95;747,45;9,0;80,0;30;9918;200;716,81;1;1587707,0;41790,65;7037,61;14,2778
2024;35172635;60027418;3548906;São Carlos;SP;Sudeste;municipal;2;7;1,2727273;51,56;738,9847;2,0;89,565;56,26;80,0;4,7;4,063;51,91;740,39;15,0;80,0;73;2048;25;771,0341366;0;265294,0;69307,71;195,15;12,4886
2024;31182281;60021241;3104007;Araxá;MG;Sudeste;municipal;2;10;1,21;68,79;762,9242;3,5;90,07499999999999;70,59;80,0;1,8;1,601;59,81;751,71;8,0;80,0;93;1076;20;761,9;0;117677,0;75182,41;80,45;11,6757
2024;51026823;60040211;5106240;Nova Ubiratã;MT;Centro-Oeste;municipal;2;12;1,04;73,23;774,32;3,0;88,28;74,28;80,0;1,05;0,967;55,03;746,8;11,0;80,0;146;213;4;691,56;1;12108,0;263036,59;0,73;9,4017
2024;35431304;60025981;3550308;São Paulo;SP;Sudeste;estadual;2;6;1,1363636;50,16;738,0494;0,5;84,24000000000001;44,37;80,0;-5,79;4,263;51,91;740,39;15,0;80,0;132;94373;1110;684,080824;1;11895578,0;89682,49;7387,69;16,2917
2024;35288243;60030836;3523107;Itaquaquecetuba;SP;Sudeste;municipal;2;15;1,09375;42,98;728,2914;1,5;91,325;48,89;80,0;5,91;5,289;51,91;740,39;15,0;80,0;213;4693;39;695,0156998;1;382521,0;31316,61;3877,73;12,8545
2024;43052075;60036986;4305900;Coronel Bicaco;RS;Sul;estadual;2;9;1,1052632;97,76;776,7505;2,0;85,24000000000001;79,32;80,0;-18,44;-2,537;63,43;747,39;6,0;80,0;39;77;3;738,0870675;1;6230,0;63739,17;15,74;8,7373
2024;35174169;60026443;3500402;Águas da Prata;SP;Sudeste;municipal;2;17;1,0;64,77;755,5187;3,0;93,18;67,26;80,0;2,49;2,176;51,91;740,39;15,0;80,0;13;53;2;712,5139712;1;7470,0;36460,37;53,05;8,9188
2024;26023987;60013140;2610004;Palmares;PE;Nordeste;municipal;2;18;1,03;43,01;734,206;2,0;91,72;48,92;80,0;5,91;5,284;58,95;747,45;9,0;80,0;32;322;11;741,79;1;56615,0;20419,54;175,44;10,944
2024;35014669;60028365;3532058;Motuca;SP;Sudeste;municipal;2;18;1,1666667;79,93;769,5038;4,0;95,61000000000001;79,94;80,0;0,01;0,01;51,91;740,39;15,0;80,0;41;41;1;757,6306433;0;4079,0;41928,66;18,76;8,3139
2024;25018031;60010631;2501005;Araruna;PB;Nordeste;municipal;2;18;1,06;35,18;722,3499;0,5;91,955;41,93;80,0;6,75;6,403;51,12;741,6;16,0;80,0;58;133;4;735,47;1;17442,0;13995,47;76,83;9,7667
2024;31196844;60021444;3113701;Carlos Chagas;MG;Sudeste;municipal;2;11;1,06;56,45;743,1554;2,0;93,095;60,36;80,0;3,91;3,364;59,81;751,71;8,0;80,0;40;139;6;784,94;0;18852,0;33409,29;6,27;9,8444
2024;31025548;60020460;3119302;Coromandel;MG;Sudeste;estadual;2;13;1,07;73,05;778,3168;2,0;89,82;47,93;80,0;-25,12;0,993;59,81;751,71;8,0;80,0;47;289;8;775,54;0;30013,0;68363,21;8,31;10,3094
2024;29087864;60016770;2912103;Ibicaraí;BA;Nordeste;municipal;2;11;1,0;34,21;724,8224;0,0;97,08;;80,0;;6,541;36,78;724,86;23,0;80,0;11;166;9;785,97;0;22200,0;11965,41;104,65;10,0079
2024;31162261;60019348;3143906;Muriaé;MG;Sudeste;estadual;2;17;1,14;61,41;754,1645;3,0;85,88;62,06;80,0;0,65;2,656;59,81;751,71;8,0;80,0;111;927;28;752,22;0;108161,0;29690,84;119,72;11,5914
2024;23080311;60008054;2304400;Fortaleza;CE;Nordeste;municipal;2;21;1,0;74,03;774,4244;4,0;95,91;74,95;80,0;0,92;0,853;84,46;795,68;1,0;80,0;210;17722;214;693,07;1;2574412,0;33770,75;7786,52;14,7611
2024;35073948;60027934;3554003;Tatuí;SP;Sudeste;municipal;2;14;1,0;51,1;738,8865;2,0;93,35499999999999;55,87;80,0;4,77;4,129;51,91;740,39;15,0;80,0;113;1236;16;795,7964013;0;128560,0;52773,3;205,03;11,7642
2024;22008674;60006515;2211001;Teresina;PI;Nordeste;municipal;2;8;1,15;48,21;738,1982;1,5;91,265;53,41;80,0;5,2;4,541;52,48;744,66;12,0;80,0;13;6896;125;717,48;1;902644,0;32625,34;584,95;13,7131
2024;35383818;60025868;3550308;São Paulo;SP;Sudeste;estadual;2;17;1,0333333;50,16;738,0494;0,5;84,24000000000001;44,37;80,0;-5,79;4,263;51,91;740,39;15,0;80,0;109;94373;1110;769,7797392;0;11895578,0;89682,49;7387,69;16,2917
2024;31017635;60021739;3104205;Arcos;MG;Sudeste;municipal;2;7;1,0;78,83;771,1018;4,5;91,9;79,0;80,0;0,17;0,167;59,81;751,71;8,0;80,0;34;364;9;758,28;0;43348,0;70546,12;71,78;10,677
2024;35319156;60028524;3548708;São Bernardo do Campo;SP;Sudeste;municipal;2;10;1,2272727;55,57;743,3592;2,0;86,1;59,62;80,0;4,05;3,49;51,91;740,39;15,0;80,0;72;6727;74;755,864538;0;840499,0;85622,7;1872,59;13,6418
2024;51041948;60040779;5103403;Cuiabá;MT;Centro-Oeste;municipal;2;5;1,24;53,94;744,14;1,5;83,12;58,26;80,0;4,32;3,723;55,03;746,8;11,0;80,0;133;5876;76;674,82;1;682932,0;57181,03;163,88;13,4342
2024;32040489;60022790;3200201;Alegre;ES;Sudeste;municipal;2;4;1,0;66,87;751,2436;4,0;94,525;69,0;80,0;2,13;1,876;67,93;753,72;3,0;80,0;92;259;8;741,67;1;30744,0;22837,2;39,82;10,3335
2024;31124557;60021885;3118304;Conselheiro Lafaiete;MG;Sudeste;municipal;2;20;1,2;64,98;759,4468;4,0;90,515;67,43;80,0;2,45;2,146;59,81;751,71;8,0;80,0;49;1226;26;790,44;0;137980,0;25240,24;314,69;11,8349
2024;33019097;60023210;3301009;Campos dos Goytacazes;RJ;Sudeste;municipal;2;14;1,11;38,69;723,8701;0,0;80,23;45,1;80,0;6,41;5,901;52,13;737,3;14,0;80,0;48;3954;101;791,76;0;519011,0;82760,23;115,16;13,1597
2024;41138384;60032397;4109708;Ibaiti;PR;Sul;municipal;2;12;1,07;72,88;756,2671;4,0;91,07499999999999;73,99;80,0;1,11;1,017;73,12;757,21;2,0;80,0;73;336;10;785,27;0;29440,0;41999,22;32,03;10,2901
2024;35155726;60026393;3543402;Ribeirão Preto;SP;Sudeste;estadual;2;3;1,0869565;49,54;737,1581;0,5;86,785;45,48;80,0;-4,06;4,351;51,91;740,39;15,0;80,0;100;4822;69;790,4141026;0;728400,0;71810,57;928,46;13,4986
2024;35436777;60031803;3550308;São Paulo;SP;Sudeste;estadual;2;17;1,1851852;50,16;738,0494;0,5;84,24000000000001;44,37;80,0;-5,79;4,263;51,91;740,39;15,0;80,0;52;94373;1110;707,6383531;1;11895578,0;89682,49;7387,69;16,2917
2024;15075027;60003318;1507151;São Domingos do Araguaia;PA;Norte;municipal;2;18;1,28;46,05;739,2959;1,0;80,73;51,56;80,0;5,51;4,85;48,38;733,29;17,0;80,0;62;194;9;762,23;0;21638,0;22646,69;16,61;9,9823
2024;33143857;60024802;3304557;Rio de Janeiro;RJ;Sudeste;municipal;2;8;1,04;56,19;741,2373;2,5;84,625;60,14;80,0;3,95;3,401;52,13;737,3;14,0;80,0;73;43411;687;767,33;0;6729894,0;62179,64;5265,81;15,7221
2024;26048440;60012456;2611606;Recife;PE;Nordeste;municipal;2;1;1,0;62,39;749,1934;2,5;91,965;65,29;80,0;2,9;2,516;58,95;747,45;9,0;80,0;47;9918;200;790,25;0;1587707,0;41790,65;7037,61;14,2778
2024;35387808;60031731;3550308;São Paulo;SP;Sudeste;estadual;2;18;1,1;50,16;738,0494;0,5;84,24000000000001;44,37;80,0;-5,79;4,263;51,91;740,39;15,0;80,0;169;94373;1110;727,9712835;1;11895578,0;89682,49;7387,69;16,2917
2024;41062963;60033492;4106902;Curitiba;PR;Sul;municipal;2;7;1,14;70,41;753,0573;3,5;80,41499999999999;71,93;80,0;1,52;1,37;73,12;757,21;2,0;80,0;113;12923;183;710,58;1;1829225,0;65637,24;4024,84;14,4194
2024;35083158;60030661;3540606;Porto Feliz;SP;Sudeste;municipal;2;20;1,1428571;73,63;771,7863;4,0;92,91;74,61;80,0;0,98;0,91;51,91;740,39;15,0;80,0;61;519;8;820,1008774;0;58345,0;86846,33;87,76;10,9741
2024;33039341;60025458;3302403;Macaé;RJ;Sudeste;municipal;2;21;1,22;59,86;743,6507;2,0;78,08000000000001;63,19;80,0;3,33;2,877;52,13;737,3;14,0;80,0;93;2721;43;733,02;1;264138,0;84784,7;169,89;12,4842
2024;43011259;60036672;4303905;Campo Bom;RS;Sul;estadual;2;10;1,1363636;80,95;768,4788;2,5;88,685;77,73;80,0;-3,22;-0,136;63,43;747,39;6,0;80,0;22;607;20;747,4849559;0;64704,0;69991,92;992,79;11,0776
2024;29215777;60017412;2927408;Salvador;BA;Nordeste;municipal;2;14;1,0;39,16;726,7501;0,0;85,995;45,52;80,0;6,36;5,834;36,78;724,86;23,0;80,0;53;12158;264;730,58;1;2568928,0;29856,34;3859,35;14,759
2024;43084500;60036702;4304408;Canela;RS;Sul;estadual;2;5;1,1176471;72,11;755,9813;2,5;77,45;78,87;80,0;6,76;1,127;63,43;747,39;6,0;80,0;29;465;15;679,748058;1;50613,0;38719,68;154,58;10,832
2024;42000357;60035366;4201406;Araranguá;SC;Sul;estadual;2;6;1,42;58,93;744,1878;;;;;;;61,38;747,11;7,0;80,0;45;634;24;812,75;0;75597,0;39989,68;201,74;11,2332
2024;35058812;60029945;3555406;Ubatuba;SP;Sudeste;municipal;2;6;1,2;41,31;725,7475;0,5;85,015;47,43;80,0;6,12;5,527;51,91;740,39;15,0;80,0;64;972;23;704,6096124;1;96598,0;36304,26;110,87;11,4783
2024;41121023;60032299;4113759;Lunardelli;PR;Sul;municipal;2;9;1,05;57,46;743,4052;3,0;94,87;61,2;80,0;3,74;3,22;73,12;757,21;2,0;80,0;54;54;1;770,79;0;4902,0;30046,92;25,9;8,4976
2024;41084456;60031922;4105508;Cianorte;PR;Sul;municipal;2;17;1,04;79,56;765,6405;4,0;92,265;79,62;80,0;0,06;0,063;73,12;757,21;2,0;80,0;101;896;15;702,52;1;82359,0;48406,33;86,19;11,3189
2024;11004194;60000057;1100106;Guajará-Mirim;RO;Norte;municipal;2;17;1,04;41,76;730,6418;1,0;92,375;47,82;80,0;6,06;5,463;64,6;759,44;5,0;80,0;62;488;9;740,79;1;43553,0;26290,59;1,68;10,6818
2024;23003787;60008855;2312106;Santana do Cariri;CE;Nordeste;municipal;2;14;1,0;89,48;801,4369;5,0;99,315;80,0;80,0;-9,48;-1,354;84,46;795,68;1,0;80,0;51;172;6;825,76;0;17388,0;10995,92;20,07;9,7636
2024;29045749;60015373;2906808;Cansanção;BA;Nordeste;municipal;2;20;1,0;29,69;720,1431;0,0;85,32;36,8;80,0;7,11;7,187;36,78;724,86;23,0;80,0;5;332;15;773,4;0;39556,0;12905,58;24,47;10,5855
2024;29003295;60015612;2900702;Alagoinhas;BA;Nordeste;municipal;2;19;1,0;33,57;721,9653;0,0;88,14500000000001;40,44;80,0;6,87;6,633;36,78;724,86;23,0;80,0;49;988;35;750,26;0;160662,0;35510,74;188,66;11,9871
2024;33018212;60023237;3301009;Campos dos Goytacazes;RJ;Sudeste;municipal;2;20;1,35;38,69;723,8701;0,0;80,23;45,1;80,0;6,41;5,901;52,13;737,3;14,0;80,0;39;3954;101;790,06;0;519011,0;82760,23;115,16;13,1597
2024;15060802;60003080;1505635;Piçarra;PA;Norte;municipal;2;12;1,0;58,29;743,1202;2,0;86,16;61,89;80,0;3,6;3,101;48,38;733,29;17,0;80,0;35;153;4;771,65;0;13341,0;27111,16;3,83;9,4987
2024;21047123;60006005;2104628;Governador Luiz Rocha;MA;Nordeste;municipal;2;7;1,0;98,32;794,1741;5,0;100,0;80,0;80,0;-18,32;-2,617;56,43;749,92;10,0;80,0;32;96;5;775,37;0;7219,0;15002,77;19,66;8,8846
2024;52030240;60041347;5212501;Luziânia;GO;Centro-Oeste;municipal;2;10;1,04;64,05;747,7107;3,0;93,28999999999999;66,66;80,0;2,61;2,279;66,74;752,15;4,0;80,0;74;2885;42;748,93;0;218872,0;28622,53;44,06;12,2962
2024;16004662;60003818;1600303;Macapá;AP;Norte;municipal;2;13;1,03;43,33;734,2328;1,0;91,06;49,2;80,0;5,87;5,239;41,56;732,43;21,0;80,0;125;6536;104;771,1;0;487200,0;37912,27;62,14;13,0964
2024;33141034;60024751;3304557;Rio de Janeiro;RJ;Sudeste;municipal;2;13;1,07;56,19;741,2373;2,5;84,625;60,14;80,0;3,95;3,401;52,13;737,3;14,0;80,0;82;43411;687;782,41;0;6729894,0;62179,64;5265,81;15,7221
2024;23026952;60007553;2312809;Senador Sá;CE;Nordeste;municipal;2;18;1,0;99,07;824,5484;5,0;98,6;80,0;80,0;-19,07;-2,724;84,46;795,68;1,0;80,0;26;113;3;873,43;0;7519,0;10941,61;16,16;8,9253
2024;43070885;60038208;4315602;Rio Grande;RS;Sul;municipal;2;2;1,2857143;54,17;740,4874;1,5;76,715;58,45;80,0;4,28;3,69;63,43;747,39;6,0;80,0;41;1518;59;702,800516;1;198958,0;70902,8;72,79;12,2009
2024;35246084;60028897;3528502;Mairiporã;SP;Sudeste;municipal;2;16;1,0384615;55,0;743,3973;2,5;92,2;59,15;80,0;4,15;3,571;51,91;740,39;15,0;80,0;49;898;26;782,2425038;0;97399,0;28410,77;252,25;11,4866
2024;11009157;60000010;1100205;Porto Velho;RO;Norte;municipal;2;21;1,21;65,06;761,5118;2,5;85,58;67,5;80,0;2,44;2,134;64,6;759,44;5,0;80,0;46;5422;88;704,99;1;514873,0;49336,81;12,57;13,1517
2024;33120225;60024915;3304557;Rio de Janeiro;RJ;Sudeste;municipal;2;5;1,1;56,19;741,2373;2,5;84,625;60,14;80,0;3,95;3,401;52,13;737,3;14,0;80,0;56;43411;687;756,94;0;6729894,0;62179,64;5265,81;15,7221
2024;33008271;60023990;3300456;Belford Roxo;RJ;Sudeste;municipal;2;16;1,29;34,73;722,0196;0,0;74,895;41,51;80,0;6,78;6,467;52,13;737,3;14,0;80,0;34;3174;67;753,92;0;518263,0;18690,01;6031,38;13,1582
2024;35218358;60027411;3519071;Hortolândia;SP;Sudeste;municipal;2;10;1,0952381;58,0;748,4751;2,0;88,96000000000001;61,65;80,0;3,65;3,143;51,91;740,39;15,0;80,0;111;2413;29;664,1240117;1;247331,0;89612,4;3082,92;12,4185
2024;23002576;60007560;2312908;Sobral;CE;Nordeste;municipal;2;15;1,0;98,74;840,1149;5,0;97,035;80,0;80,0;-18,74;-2,677;84,46;795,68;1,0;80,0;79;2307;34;833,94;0;215286,0;30605,47;88,67;12,2797
2024;32034501;60022310;3201506;Colatina;ES;Sudeste;municipal;2;20;1,05;73,76;760,5731;4,0;88,975;74,72;80,0;0,96;0,891;67,93;753,72;3,0;80,0;63;1112;28;819,34;0;128622,0;40101,58;78,54;11,7646
2024;33020150;60023238;3301009;Campos dos Goytacazes;RJ;Sudeste;municipal;2;8;1,6;38,69;723,8701;0,0;80,23;45,1;80,0;6,41;5,901;52,13;737,3;14,0;80,0;68;3954;101;787,84;0;519011,0;82760,23;115,16;13,1597
2024;28009443;60014077;2804508;Nossa Senhora da Glória;SE;Nordeste;estadual;2;7;1,04;36,81;718,3719;0,0;89,92500000000001;36,66;80,0;-0,15;6,17;31,3;713,13;24,0;80,0;121;434;10;741,24;1;43255,0;24235,81;42,96;10,6749
2024;51008906;60040539;5103502;Diamantino;MT;Centro-Oeste;municipal;2;12;1,4;52,11;741,26;2,5;86,845;56,72;80,0;4,61;3,984;55,03;746,8;11,0;80,0;15;291;9;697,98;1;22479,0;255432,98;2,47;10,0204
2024;51016212;60040297;5106752;Pontes e Lacerda;MT;Centro-Oeste;municipal;2;2;1,04;65,94;759,14;3,0;87,82499999999999;69,94;80,0;4,0;2,009;55,03;746,8;11,0;80,0;92;705;8;746,41;0;54795,0;52136,24;4,84;10,9114
2024;41119951;60033994;4107652;Fazenda Rio Grande;PR;Sul;municipal;2;11;1,0;68,86;750,3662;3,0;83,66;70,65;80,0;1,79;1,591;73,12;757,21;2,0;80,0;127;1941;23;775,15;0;161506,0;25630,39;700,02;11,9923
2024;23085361;60009204;2312403;São Gonçalo do Amarante;CE;Nordeste;municipal;2;3;1,0;81,99;790,9425;5,0;97,69;80,0;80,0;-1,99;-0,284;84,46;795,68;1,0;80,0;67;999;18;841,31;0;57499,0;120147,71;52,34;10,9595
2024;31133848;60019709;3163805;São Miguel do Anta;MG;Sudeste;municipal;2;4;1,0;74,87;764,4115;4,0;94,56;75,65;80,0;0,78;0,733;59,81;751,71;8,0;80,0;22;68;3;773,83;0;6430,0;20177,29;44,44;8,7689
2024;33034401;60023938;3302007;Itaguaí;RJ;Sudeste;municipal;2;14;1,13;42,05;727,9405;1,0;82,945;48,08;80,0;6,03;5,421;52,13;737,3;14,0;80,0;87;1455;34;742,45;1;123980,0;91820,95;395,45;11,7279
2024;33029556;60024025;3301702;Duque de Caxias;RJ;Sudeste;municipal;2;21;1,56;47,15;732,816;1,0;79,32;52,5;80,0;5,35;4,693;52,13;737,3;14,0;80,0;54;6581;132;739,73;1;866347,0;80877,53;1828,51;13,672
2024;23006124;60008425;2310506;Pedra Branca;CE;Nordeste;municipal;2;16;1,0;99,44;833,6111;5,0;99,58;80,0;80,0;-19,44;-2,777;84,46;795,68;1,0;80,0;21;335;11;874,81;0;42257,0;11387,39;32,14;10,6515
2024;29265230;60016614;2933307;Vitória da Conquista;BA;Nordeste;municipal;2;20;1,0;47,86;736,1256;1,0;91,075;53,11;80,0;5,25;4,591;36,78;724,86;23,0;80,0;39;2826;58;730,13;1;394024,0;32146,7;90,11;12,8842
2024;50021062;60039831;5003702;Dourados;MS;Centro-Oeste;municipal;2;9;1,0;40,43;727,1128;1,5;83,005;46,65;80,0;6,22;5,653;47,45;735,95;18,0;80,0;69;3216;43;747,52;0;260640,0;77723,88;47,97;12,4709
2024;11008333;60000123;1101559;Teixeirópolis;RO;Norte;municipal;2;1;1,15;71,95;762,7594;3,5;88,505;73,21;80,0;1,26;1,15;64,6;759,44;5,0;80,0;20;53;2;770,38;0;4536,0;34485,45;10,63;8,42
2024;35024226;60027681;3506003;Bauru;SP;Sudeste;municipal;2;15;1,0;43,75;730,1025;1,5;85,52000000000001;49,57;80,0;5,82;5,179;51,91;740,39;15,0;80,0;57;2786;44;811,0257937;0;391740,0;52725,68;515,12;12,8784
2024;43010472;60036654;4303509;Camaquã;RS;Sul;municipal;2;15;1,1176471;58,61;742,9523;2,0;83,93;62,16;80,0;3,55;3,056;63,43;747,39;6,0;80,0;28;560;22;747,9005774;0;63959,0;49323,43;37,37;11,066
2024;41104805;60032811;4108304;Foz do Iguaçu;PR;Sul;municipal;2;8;1,13;73,01;757,7494;4,0;83,09;74,1;80,0;1,09;0,999;73,12;757,21;2,0;80,0;165;3084;50;783,61;0;295500,0;57439,09;414,58;12,5964
2024;33098098;60023642;3304409;Rio Claro;RJ;Sudeste;municipal;2;1;1,2;65,58;748,3858;3,0;85,7;67,93;80,0;2,35;2,06;52,13;737,3;14,0;80,0;79;147;3;680,95;1;17950,0;32168,86;20,73;9,7954
2024;35000827;60028383;3526001;Junqueirópolis;SP;Sudeste;municipal;2;16;1,0;76,94;776,0051;4,5;95,905;77,4;80,0;0,46;0,437;51,91;740,39;15,0;80,0;65;191;3;837,4989496;0;20878,0;45065,19;32,12;9,9465
2024;35339518;60026865;3550308;São Paulo;SP;Sudeste;municipal;2;3;1,3636364;37,87;721,2607;0,5;84,24000000000001;44,37;80,0;6,5;6,019;51,91;740,39;15,0;80,0;77;94373;1110;668,9045799;1;11895578,0;89682,49;7387,69;16,2917
2024;25000694;60011023;2507507;João Pessoa;PB;Nordeste;estadual;2;19;1,17;59,78;749,1018;1,5;84,69;52,13;80,0;-7,65;2,889;51,12;741,6;16,0;80,0;56;5447;100;754,92;0;888679,0;32004,95;3421,3;13,6975
2024;23018680;60007279;2303907;Chaval;CE;Nordeste;municipal;2;3;1,0;75,3;780,4655;4,5;98,91499999999999;76,01;80,0;0,71;0,671;84,46;795,68;1,0;80,0;81;153;4;803,36;0;12805,0;11027,8;52,95;9,4577
2024;52049577;60041606;5218508;Quirinópolis;GO;Centro-Oeste;municipal;2;13;1,0;66,97;752,9553;4,0;93,735;69,08;80,0;2,11;1,861;66,74;752,15;4,0;80,0;85;544;8;772,52;0;49986,0;62487,58;11,41;10,8195
2024;26052697;60012837;2611606;Recife;PE;Nordeste;municipal;2;16;1,0;62,39;749,1934;2,5;91,965;65,29;80,0;2,9;2,516;58,95;747,45;9,0;80,0;66;9918;200;761,62;0;1587707,0;41790,65;7037,61;14,2778
2024;31109114;60019234;3135605;Jequitaí;MG;Sudeste;municipal;2;5;1,0;39,93;727,6228;2,0;89,93;46,21;80,0;6,28;5,724;59,81;751,71;8,0;80,0;82;82;1;792,17;0;6460,0;24347,37;6,31;8,7735
2024;15085647;60002176;1508209;Vigia;PA;Norte;municipal;2;19;1,26;29,77;715,4434;0,0;80,3;36,87;80,0;7,1;7,176;48,38;733,29;17,0;80,0;33;447;21;757,13;0;53806,0;11190,96;88,84;10,8932
2024;29223247;60017889;2927705;Santa Cruz Cabrália;BA;Nordeste;municipal;2;7;1,0;40,45;726,1732;0,5;87,88;46,67;80,0;6,22;5,65;36,78;724,86;23,0;80,0;22;364;13;779,54;0;30862,0;21045,36;16,81;10,3373
2024;42093101;60034397;4205407;Florianópolis;SC;Sul;estadual;2;2;2,12;47,8;737,0698;;;;;;;61,38;747,11;7,0;80,0;95;2861;66;727,29;1;576361,0;54115,62;627,24;13,2645
2024;42062676;60036025;4211751;Otacílio Costa;SC;Sul;municipal;2;11;1,27;55,06;742,5939;3,0;87,51;59,2;80,0;4,14;3,563;61,38;747,11;7,0;80,0;66;252;6;774,44;0;17780,0;71304,16;19,3;9,7859
2024;23053525;60007841;2301208;Aracoiaba;CE;Nordeste;municipal;2;4;1,0;87,25;788,56;5,0;96,245;80,0;80,0;-7,25;-1,036;84,46;795,68;1,0;80,0;54;317;11;795,71;0;26696,0;12596,79;38,67;10,1923
2024;23041329;60008301;2305266;Ibaretama;CE;Nordeste;municipal;2;17;1,0;70,3;776,0247;3,5;98,405;71,84;80,0;1,54;1,386;84,46;795,68;1,0;80,0;22;132;6;776,85;0;12191,0;13433,27;14,73;9,4085
2024;23053077;60008918;2303501;Cascavel;CE;Nordeste;municipal;2;19;1,07;87,56;799,2798;5,0;95,575;80,0;80,0;-7,56;-1,08;84,46;795,68;1,0;80,0;27;957;28;726,0;1;76365,0;17473,5;78,99;11,2433
2024;13006420;60000748;1301209;Coari;AM;Norte;estadual;2;11;1,19;56,31;742,1508;0,0;86,42;45,17;80,0;-11,14;3,384;52,2;736,47;13,0;80,0;52;932;17;746,48;0;73820,0;52745,58;1,31;11,2094
2024;41060492;60033354;4104253;Campo Magro;PR;Sul;municipal;2;15;1,22;59,84;741,1659;2,0;87,285;63,18;80,0;3,34;2,88;73,12;757,21;2,0;80,0;74;345;8;733,72;1;31555,0;22201,96;90,15;10,3595
2024;31114135;60019180;3143302;Montes Claros;MG;Sudeste;municipal;2;14;1,22;61,58;753,8768;3,5;88,005;64,62;80,0;3,04;2,631;59,81;751,71;8,0;80,0;81;3495;68;761,82;0;434321,0;30682,93;101,41;12,9815
2024;35334718;60029391;3552809;Taboão da Serra;SP;Sudeste;municipal;2;16;1,1538462;45,59;731,3697;1,0;84,87;51,16;80,0;5,57;4,916;51,91;740,39;15,0;80,0;148;2465;26;744,5817313;0;284274,0;42508,91;12049,87;12,5577
2024;52007524;60041792;5208707;Goiânia;GO;Centro-Oeste;municipal;2;21;1,08;66,56;750,6494;3,0;84,00999999999999;68,74;80,0;2,18;1,92;66,74;752,15;4,0;80,0;131;8840;164;791,57;0;1494599,0;50703,13;1776,75;14,2174
2024;35302937;60028480;3534401;Osasco;SP;Sudeste;municipal;2;15;1,125;45,95;730,4882;1,0;85,66;51,47;80,0;5,52;4,864;51,91;740,39;15,0;80,0;74;6664;56;811,0257937;0;756952,0;157743,23;10411,79;13,5371
2024;26024943;60012244;2613404;São José da Coroa Grande;PE;Nordeste;municipal;2;10;1,05;41,77;722,8264;0,5;92,51499999999999;47,83;80,0;6,06;5,461;58,95;747,45;9,0;80,0;21;244;6;678,51;1;19468,0;20005,7;262,19;9,8766
2024;35014913;60027249;3504008;Assis;SP;Sudeste;municipal;2;10;1,1363636;43,37;729,8053;1,5;90,97;49,23;80,0;5,86;5,233;51,91;740,39;15,0;80,0;44;869;19;740,0300332;1;104642,0;44748,85;206,7;11,5583
2024;35361872;60027386;3550308;São Paulo;SP;Sudeste;municipal;2;10;1,125;37,87;721,2607;0,5;84,24000000000001;44,37;80,0;6,5;6,019;51,91;740,39;15,0;80,0;71;94373;1110;706,5625203;1;11895578,0;89682,49;7387,69;16,2917
2024;29190457;60015652;2927002;Rio Real;BA;Nordeste;municipal;2;15;1,0;40,97;728,7702;0,5;89,11;47,13;80,0;6,16;5,576;36,78;724,86;23,0;80,0;33;268;12;733,0;1;36997,0;34486,36;51,84;10,5186
2024;41136568;60034354;4115705;Matinhos;PR;Sul;municipal;2;1;1,23;70,38;756,918;3,5;79,375;71,91;80,0;1,53;1,374;73,12;757,21;2,0;80,0;81;485;7;783,89;0;41416,0;27723,71;249,93;10,6314
2024;33093438;60023697;3306107;Valença;RJ;Sudeste;municipal;2;19;1,05;58,36;741,9575;2,0;85,08500000000001;61,95;80,0;3,59;3,091;52,13;737,3;14,0;80,0;62;718;22;686,12;1;71462,0;43442,51;55,06;11,1769
2024;31155426;60019459;3104502;Arinos;MG;Sudeste;estadual;2;16;1,04;28,71;720,371;1,0;88,845;50,89;80,0;22,18;7,327;59,81;751,71;8,0;80,0;27;183;5;776,73;0;17598,0;30944,88;3,35;9,7756
2024;52024979;60041293;5204003;Cabeceiras;GO;Centro-Oeste;municipal;2;3;1,0;69,66;754,4503;4,0;95,97;71,31;80,0;1,65;1,477;66,74;752,15;4,0;80,0;12;95;3;747,96;0;7678,0;63079,97;6,52;8,9462
2024;33004841;60025257;3300308;Barra do Piraí;RJ;Sudeste;municipal;2;5;1,25;45,28;730,9574;1,0;78,72;50,89;80,0;5,61;4,96;52,13;737,3;14,0;80,0;98;712;21;762,13;0;98501,0;32748,12;163,7;11,4978
2024;35206603;60029462;3554409;Terra Roxa;SP;Sudeste;municipal;2;13;1,0588235;67,21;757,0608;3,5;95,72;69,28;80,0;2,07;1,827;51,91;740,39;15,0;80,0;42;73;2;753,1604796;0;7985,0;29734,0;38,39;8,9854
2024;13051698;60001243;1302603;Manaus;AM;Norte;municipal;2;4;1,13;52,2;736,11;2,0;73,57;56,8;80,0;4,6;3,971;52,2;736,47;13,0;80,0;62;23125;327;798,27;0;2279686,0;55994,46;158,06;14,6395
2024;27018629;60013676;2704708;Marechal Deodoro;AL;Nordeste;municipal;2;20;1,08;40,6;726,1152;1,0;93,3;46,8;80,0;6,2;5,629;43,88;729,72;19,0;80,0;75;869;16;759,23;0;62341,0;51100,93;138,62;11,0404
2024;35013994;60030198;3529302;Matão;SP;Sudeste;municipal;2;14;1,2222222;64,39;754,6583;3,0;92,93;66,95;80,0;2,56;2,23;51,91;740,39;15,0;80,0;18;673;13;731,7823147;1;80998,0;94407,02;146,3;11,3022
2024;29010936;60016719;2902401;Aurelino Leal;BA;Nordeste;municipal;2;13;1,0;42,65;731,5784;0,5;84,96;48,61;80,0;5,96;5,336;36,78;724,86;23,0;80,0;39;122;5;693,29;1;11409,0;15778,86;29,7;9,3422
2024;13045781;60001178;1302603;Manaus;AM;Norte;municipal;2;11;1,16;52,2;736,11;2,0;73,57;56,8;80,0;4,6;3,971;52,2;736,47;13,0;80,0;81;23125;327;756,29;0;2279686,0;55994,46;158,06;14,6395
2024;13017354;60001152;1303106;Nova Olinda do Norte;AM;Norte;municipal;2;21;1,38;51,39;737,4102;1,0;76,025;56,11;80,0;4,72;4,087;52,2;736,47;13,0;80,0;92;304;8;749,61;0;28267,0;12547,95;5,47;10,2495
2024;31175289;60018404;3168408;Tarumirim;MG;Sudeste;estadual;2;12;1,12;45,9;736,5044;3,5;92,825;71,59;80,0;25,69;4,871;59,81;751,71;8,0;80,0;26;96;5;712,57;1;15072,0;15683,25;19,53;9,6207
2024;33035678;60025522;3302007;Itaguaí;RJ;Sudeste;municipal;2;3;1,11;42,05;727,9405;1,0;82,945;48,08;80,0;6,03;5,421;52,13;737,3;14,0;80,0;34;1455;34;747,63;0;123980,0;91820,95;395,45;11,7279
2024;52055010;60040942;5204904;Campos Belos;GO;Centro-Oeste;municipal;2;7;1,0;65,21;749,7783;3,5;92,33500000000001;67,62;80,0;2,41;2,113;66,74;752,15;4,0;80,0;85;222;6;798,26;0;18258,0;22173,51;25,43;9,8124
2024;41091699;60033233;4102901;Bituruna;PR;Sul;municipal;2;3;1,0;80,76;764,1367;4,5;86,055;80,0;80,0;-0,76;-0,109;73,12;757,21;2,0;80,0;42;229;7;728,74;1;15689,0;41836,76;13,07;9,6608
2024;15044808;60003584;1504422;Marituba;PA;Norte;municipal;2;8;1,36;57,34;740,0624;1,5;78,75;61,1;80,0;3,76;3,237;48,38;733,29;17,0;80,0;95;1472;39;809,88;0;118998,0;23366,12;1047,44;11,6869
2024;26061270;60013092;2605301;Exu;PE;Nordeste;municipal;2;6;1,0;56,65;748,9803;2,0;95,49;60,53;80,0;3,88;3,336;58,95;747,45;9,0;80,0;38;335;11;786,32;0;33436,0;13168,89;23,65;10,4174
2024;21037879;60005364;2103000;Caxias;MA;Nordeste;municipal;2;4;1,05;43,75;733,713;1,5;83,41499999999999;49,57;80,0;5,82;5,179;56,43;749,92;10,0;80,0;21;1394;57;749,3;0;163428,0;16496,69;30,12;12,0041
2024;12000923;60000455;1200138;Bujari;AC;Norte;municipal;2;6;1,14;;;;;;;;;;;;;108;176;6;749,6;0;13766,0;26545,04;2,79;9,53
2024;52056603;60041032;5210604;Itaguaru;GO;Centro-Oeste;municipal;2;14;1,08;81,65;771,1195;5,0;94,21000000000001;80,0;80,0;-1,65;-0,236;66,74;752,15;4,0;80,0;50;50;1;770,17;0;4880,0;24567,42;22,68;8,4931
2024;52074366;60041433;5211909;Jataí;GO;Centro-Oeste;municipal;2;10;1,06;64,01;749,0067;3,0;90,345;66,63;80,0;2,62;2,284;66,74;752,15;4,0;80,0;29;1147;21;785,21;0;110404,0;90812,99;12,27;11,6119
2024;35213676;60031249;3552205;Sorocaba;SP;Sudeste;municipal;2;9;1,1304348;47,9;735,7316;1,5;87,61500000000001;53,15;80,0;5,25;4,586;51,91;740,39;15,0;80,0;42;6334;75;761,8911;0;757459,0;77649,46;1306,55;13,5377
2024;35193362;60028731;3519709;Ibiúna;SP;Sudeste;municipal;2;18;1,0833333;44,73;733,6612;1,5;91,22;50,42;80,0;5,69;5,039;51,91;740,39;15,0;80,0;24;963;32;706,7631872;1;77651,0;38937,05;67,34;11,26
2024;12007357;60000629;1200401;Rio Branco;AC;Norte;estadual;2;21;1,17;;;;;;;;;;;;;47;4491;87;769,5;0;387852,0;33417,3;38,03;12,8684
2024;22028338;60007017;2208650;Queimada Nova;PI;Nordeste;municipal;2;20;1,0;60,22;753,4794;3,0;97,9;63,49;80,0;3,27;2,826;52,48;744,66;12,0;80,0;62;89;3;791,47;0;8936,0;21131,15;6,32;9,098
2024;41024188;60032168;4112108;Jandaia do Sul;PR;Sul;municipal;2;19;1,0;76,99;764,6892;3,5;91,37;77,44;80,0;0,45;0,43;73,12;757,21;2,0;80,0;58;184;4;791,08;0;21851,0;44066,82;108,04;9,992
2024;33137803;60024782;3304557;Rio de Janeiro;RJ;Sudeste;municipal;2;20;1,07;56,19;741,2373;2,5;84,625;60,14;80,0;3,95;3,401;52,13;737,3;14,0;80,0;57;43411;687;755,7;0;6729894,0;62179,64;5265,81;15,7221
2024;15076830;60003360;1507466;São João da Ponta;PA;Norte;municipal;2;8;1,55;36,81;715,0088;;;;;;;48,38;733,29;17,0;80,0;11;20;2;747,47;0;4509,0;17584,17;26,87;8,4141
2024;41065106;60033507;4106902;Curitiba;PR;Sul;municipal;2;8;1,32;70,41;753,0573;3,5;80,41499999999999;71,93;80,0;1,52;1,37;73,12;757,21;2,0;80,0;84;12923;183;743,16;0;1829225,0;65637,24;4024,84;14,4194
2024;43072670;60038150;4315305;Quaraí;RS;Sul;estadual;2;16;1,1052632;70,73;751,6948;1,0;80,59;58,95;80,0;-11,78;1,324;63,43;747,39;6,0;80,0;32;243;8;833,8303919;0;23988,0;30017,38;7,31;10,0854
2024;51030118;60040204;5107925;Sorriso;MT;Centro-Oeste;municipal;2;18;1,13;79,08;781,08;4,5;89,225;79,21;80,0;0,13;0,131;55,03;746,8;11,0;80,0;175;1711;19;806,41;0;120985,0;113640,18;7,13;11,7034
2024;23075424;60007582;2305803;Ipu;CE;Nordeste;municipal;2;1;1,0;94,21;819,6779;5,0;99,265;80,0;80,0;-14,21;-2,03;84,46;795,68;1,0;80,0;40;441;14;791,47;0;42968,0;15744,72;64,03;10,6682
2024;13011693;60001275;1301902;Itacoatiara;AM;Norte;municipal;2;5;1,2;46,31;731,9141;1,0;82,84;51,78;80,0;5,47;4,813;52,2;736,47;13,0;80,0;15;1148;25;715,57;1;112520,0;29523,07;9,77;11,6309
2024;21048971;60005084;2101608;Barra do Corda;MA;Nordeste;municipal;2;5;1,08;65,45;761,7888;3,0;91,03999999999999;67,82;80,0;2,37;2,079;56,43;749,92;10,0;80,0;81;782;21;724,02;1;87672,0;13207,52;15,92;11,3814
2024;35366086;60027114;3550308;São Paulo;SP;Sudeste;municipal;2;7;1,0740741;37,87;721,2607;0,5;84,24000000000001;44,37;80,0;6,5;6,019;51,91;740,39;15,0;80,0;101;94373;1110;742,0289234;1;11895578,0;89682,49;7387,69;16,2917
2024;33144752;60024515;3304557;Rio de Janeiro;RJ;Sudeste;municipal;2;17;1,29;56,19;741,2373;2,5;84,625;60,14;80,0;3,95;3,401;52,13;737,3;14,0;80,0;49;43411;687;778,35;0;6729894,0;62179,64;5265,81;15,7221
2024;35169430;60026377;3506359;Bertioga;SP;Sudeste;municipal;2;3;1,0769231;54,67;744,62;2,5;90,595;58,87;80,0;4,2;3,619;51,91;740,39;15,0;80,0;49;963;13;728,5125872;1;66873,0;39829,98;97,23;11,1106
2024;35089826;60028634;3524402;Jacareí;SP;Sudeste;municipal;2;4;1,137931;45,56;732,2784;1,5;85,0;51,14;80,0;5,58;4,92;51,91;740,39;15,0;80,0;169;2047;28;675,291769;1;249968,0;78782,07;459,48;12,4291
2024;41073511;60033979;4101804;Araucária;PR;Sul;municipal;2;19;1,21;69,52;752,3693;3,0;83,525;71,19;80,0;1,67;1,497;73,12;757,21;2,0;80,0;106;1943;31;744,98;0;160038,0;212918,51;253,9;11,9832
2024;50011367;60039940;5001102;Aquidauana;MS;Centro-Oeste;municipal;2;2;1,07;70,0;764,9442;2,5;88,69;71,59;80,0;1,59;1,429;47,45;735,95;18,0;80,0;92;644;15;742,63;1;48561,0;29600,93;2,69;10,7906
2024;23012083;60009508;2304400;Fortaleza;CE;Nordeste;municipal;2;11;1,12;74,03;774,4244;4,0;95,91;74,95;80,0;0,92;0,853;84,46;795,68;1,0;80,0;69;17722;214;832,87;0;2574412,0;33770,75;7786,52;14,7611
2024;32042216;60022818;3203007;Iúna;ES;Sudeste;municipal;2;14;1,0;71,93;759,2998;3,5;93,215;73,2;80,0;1,27;1,153;67,93;753,72;3,0;80,0;32;370;8;801,34;0;30444,0;23747,73;59,36;10,3237
2024;31099636;60020342;3119401;Coronel Fabriciano;MG;Sudeste;municipal;2;12;1,27;47,39;737,958;2,0;84,08500000000001;52,71;80,0;5,32;4,659;59,81;751,71;8,0;80,0;24;668;17;675,71;1;108551,0;21997,46;468,67;11,595
2024;35070847;60030952;3540754;Potim;SP;Sudeste;municipal;2;6;1,1764706;40,85;728,8406;1,0;85,245;47,02;80,0;6,17;5,593;51,91;740,39;15,0;80,0;34;197;4;745,3420128;0;20767,0;17107,48;436,22;9,9412
2024;29033013;60015859;2905701;Camaçari;BA;Nordeste;municipal;2;3;1,0;33,55;720,8822;0,0;88,485;40,43;80,0;6,88;6,636;36,78;724,86;23,0;80,0;73;2552;54;716,57;1;319394,0;85846,57;309,65;12,6742
2024;12003557;60000422;1200336;Mâncio Lima;AC;Norte;municipal;2;17;1,15;;;;;;;;;;;;;42;215;6;692,83;1;20329,0;16686,7;2,79;9,9199
2024;21015491;60004527;2105005;Humberto de Campos;MA;Nordeste;municipal;2;4;1,0;61,59;751,7069;2,5;92,58;64,63;80,0;3,04;2,63;56,43;749,92;10,0;80,0;21;334;11;766,81;0;26546,0;9087,17;12,29;10,1867
2024;15079502;60003625;1507953;Tailândia;PA;Norte;municipal;2;15;1,16;37,67;722,3685;0,0;82,37;44,19;80,0;6,52;6,047;48,38;733,29;17,0;80,0;140;1000;12;688,02;1;75526,0;26793,0;17,9;11,2322
2024;42014277;60035424;4202909;Brusque;SC;Sul;municipal;2;8;1,39;68,68;754,0229;3,0;76,975;70,5;80,0;1,82;1,617;61,38;747,11;7,0;80,0;57;1305;32;765,46;0;151949,0;72863,49;372,22;11,9313
2024;31045108;60018793;3132404;Itajubá;MG;Sudeste;municipal;2;21;1,2;59,76;751,8503;3,0;88,53;63,11;80,0;3,35;2,891;59,81;751,71;8,0;80,0;29;708;18;737,56;1;96632,0;46547,3;307,49;11,4787
2024;35154823;60026379;3543402;Ribeirão Preto;SP;Sudeste;estadual;2;6;1,4;49,54;737,1581;0,5;86,785;45,48;80,0;-4,06;4,351;51,91;740,39;15,0;80,0;85;4822;69;738,0999458;1;728400,0;71810,57;928,46;13,4986
2024;35103760;60031070;3527306;Louveira;SP;Sudeste;municipal;2;16;1,15;54,63;744,3532;2,0;89,02000000000001;58,84;80,0;4,21;3,624;51,91;740,39;15,0;80,0;105;624;9;771,2164506;0;54111,0;372467,93;673,37;10,8988
2024;16008442;60003740;1600402;Mazagão;AP;Norte;municipal;2;11;1,0;29,38;723,3143;0,5;90,35;36,5;80,0;7,12;7,231;41,56;732,43;21,0;80,0;45;347;14;798,02;0;23575,0;24753,04;1,3;10,068
2024;21029887;60006236;2109007;Porto Franco;MA;Nordeste;municipal;2;2;1,04;58,08;754,936;3,0;93,775;61,72;80,0;3,64;3,131;56,43;749,92;10,0;80,0;46;278;9;656,72;1;24517,0;51101,28;15,19;10,1072
2024;26064232;60011661;2602803;Buíque;PE;Nordeste;municipal;2;2;1,0;52,54;741,7373;2,0;94,97999999999999;57,08;80,0;4,54;3,923;58,95;747,45;9,0;80,0;24;508;10;755,52;0;54425,0;11889,08;38,66;10,9046
2024;21051645;60005436;2103505;Colinas;MA;Nordeste;municipal;2;19;1,03;59,5;749,1934;1,5;90,375;62,9;80,0;3,4;2,929;56,43;749,92;10,0;80,0;39;392;15;714,89;1;41745,0;17482,57;19,76;10,6394
2024;51046305;60040638;5108402;Várzea Grande;MT;Centro-Oeste;municipal;2;18;1,22;47,94;738,94;2,0;90,815;53,18;80,0;5,24;4,58;55,03;746,8;11,0;80,0;291;3780;64;711,46;1;314627,0;44446,97;284,45;12,6591
2024;41012110;60032230;4113700;Londrina;PR;Sul;estadual;2;17;1,04;84,68;778,0036;4,0;84,78;74,82;80,0;-9,86;-0,669;73,12;757,21;2,0;80,0;55;4774;87;679,61;1;577318,0;48499,33;306,49;13,2662
2024;32036715;60022850;3201209;Cachoeiro de Itapemirim;ES;Sudeste;municipal;2;21;1,14;65,3;750,3187;3,5;89,625;67,7;80,0;2,4;2,1;67,93;753,72;3,0;80,0;21;1808;43;784,48;0;198323,0;38288,82;216,57;12,1977
2024;13000897;60001039;1300144;Apuí;AM;Norte;estadual;2;2;1,27;71,92;752,2594;1,5;78,57499999999999;60,64;80,0;-11,28;1,154;52,2;736,47;13,0;80,0;100;245;7;781,92;0;21735,0;17765,49;0,33;9,9867
2024;43071416;60039499;4315602;Rio Grande;RS;Sul;municipal;2;20;1,375;54,17;740,4874;1,5;76,715;58,45;80,0;4,28;3,69;63,43;747,39;6,0;80,0;15;1518;59;648,799447;1;198958,0;70902,8;72,79;12,2009
2024;26002307;60011728;2604106;Caruaru;PE;Nordeste;municipal;2;16;1,11;54,95;741,1174;2,0;91,80000000000001;59,11;80,0;4,16;3,579;58,95;747,45;9,0;80,0;71;3085;49;794,98;0;402290,0;27936,15;342,07;12,9049
2024;31116697;60018324;3171204;Vespasiano;MG;Sudeste;municipal;2;8;1,09;54,07;743,4728;3,0;90,44;58,37;80,0;4,3;3,704;59,81;751,71;8,0;80,0;99;1460;21;725,33;1;136826,0;26449,88;1468,49;11,8265
2024;35334480;60028688;3552809;Taboão da Serra;SP;Sudeste;municipal;2;10;1,0740741;45,59;731,3697;1,0;84,87;51,16;80,0;5,57;4,916;51,91;740,39;15,0;80,0;78;2465;26;776,5984016;0;284274,0;42508,91;12049,87;12,5577
2024;15081847;60002420;1508001;Tomé-Açu;PA;Norte;municipal;2;8;1,04;48,0;734,0456;1,0;87,16;53,23;80,0;5,23;4,571;48,38;733,29;17,0;80,0;45;1105;35;741,54;1;72326,0;24147,37;10,98;11,189
2024;33119156;60024623;3304557;Rio de Janeiro;RJ;Sudeste;municipal;2;18;1,24;56,19;741,2373;2,5;84,625;60,14;80,0;3,95;3,401;52,13;737,3;14,0;80,0;37;43411;687;768,66;0;6729894,0;62179,64;5265,81;15,7221
2024;43049215;60037632;4313409;Novo Hamburgo;RS;Sul;municipal;2;21;1,1176471;62,37;745,7626;1,5;83,85;65,27;80,0;2,9;2,519;63,43;747,39;6,0;80,0;31;2045;56;676,0051417;1;235879,0;50604,68;1067,54;12,3711
2024;43053728;60039213;4321204;Taquara;RS;Sul;estadual;2;4;1,0952381;52,99;742,2362;2,0;94,99000000000001;66,57;80,0;13,58;3,859;63,43;747,39;6,0;80,0;45;489;19;722,63386;1;54360,0;33402,78;119,35;10,9034
2024;33034540;60025716;3302007;Itaguaí;RJ;Sudeste;municipal;2;7;1,32;42,05;727,9405;1,0;82,945;48,08;80,0;6,03;5,421;52,13;737,3;14,0;80,0;36;1455;34;682,62;1;123980,0;91820,95;395,45;11,7279
2024;52010304;60040979;5201108;Anápolis;GO;Centro-Oeste;municipal;2;19;1,04;72,21;757,0193;4,0;87,955;73,43;80,0;1,22;1,113;66,74;752,15;4,0;80,0;96;3468;55;796,73;0;415847,0;49133,72;358,58;12,9381
2024;35113336;60031209;3526902;Limeira;SP;Sudeste;municipal;2;17;1,0;62,38;752,723;3,0;90,82;65,28;80,0;2,9;2,517;51,91;740,39;15,0;80,0;73;2425;45;841,5334348;0;300728,0;69421,34;475,08;12,614
2024;43092129;60038738;4320008;Sapucaia do Sul;RS;Sul;estadual;2;11;1,1111111;62,15;745,1853;1,5;85,86;62,6;80,0;0,45;2,55;63,43;747,39;6,0;80,0;33;1388;37;736,1003182;1;136542,0;34637,02;2245,91;11,8244
2024;28018828;60014546;2800308;Aracaju;SE;Nordeste;municipal;2;18;1,0;29,69;712,4347;0,5;91,37;36,8;80,0;7,11;7,187;31,3;713,13;24,0;80,0;124;3664;73;711,69;1;628849,0;35448,7;3140,67;13,3516
2024;35233714;60030337;3557105;Votuporanga;SP;Sudeste;municipal;2;4;1,1176471;49,7;740,3038;2,0;93,525;54,68;80,0;4,98;4,329;51,91;740,39;15,0;80,0;120;743;11;720,306536;1;100159,0;45749,29;199,69;11,5145
2024;42056267;60034943;4209300;Lages;SC;Sul;municipal;2;15;1,63;48,56;734,1494;1,5;74,595;53,71;80,0;5,15;4,491;61,38;747,11;7,0;80,0;17;1478;49;679,68;1;171609,0;48608,46;59,6;12,053
2024;41116056;60033439;4105805;Colombo;PR;Sul;municipal;2;1;1,13;64,92;748,6869;3,0;81,62;67,38;80,0;2,46;2,154;73,12;757,21;2,0;80,0;107;3101;43;757,74;0;240720,0;31692,32;1079,08;12,3914
2024;35020895;60030066;3517406;Guaíra;SP;Sudeste;municipal;2;11;1,1428571;54,86;745,8668;2,0;93,745;59,03;80,0;4,17;3,591;51,91;740,39;15,0;80,0;59;306;4;767,8510255;0;40424,0;80000,94;29,72;10,6072
2024;43085900;60038556;4318309;São Gabriel;RS;Sul;municipal;2;3;1,4;61,13;746,6991;1,5;81,31;64,25;80,0;3,12;2,696;63,43;747,39;6,0;80,0;10;533;21;705,3765288;1;60102,0;44639,55;12,03;11,0038
2024;22008874;60006519;2211001;Teresina;PI;Nordeste;municipal;2;16;1,04;48,21;738,1982;1,5;91,265;53,41;80,0;5,2;4,541;52,48;744,66;12,0;80,0;104;6896;125;741,07;1;902644,0;32625,34;584,95;13,7131
2024;35094549;60029425;3507902;Brotas;SP;Sudeste;municipal;2;17;1,0;61,91;748,5805;2,5;97,92;64,89;80,0;2,98;2,584;51,91;740,39;15,0;80,0;62;216;4;758,5277313;0;24423,0;63709,62;19,59;10,1033
2024;21007027;60004413;2111300;São Luís;MA;Nordeste;municipal;2;18;1,12;47,49;736,9393;1,5;85,605;52,79;80,0;5,3;4,644;56,43;749,92;10,0;80,0;49;6251;109;807,68;0;1088057,0;38958,48;1215,69;13,8999
2024;35074767;60030438;3554003;Tatuí;SP;Sudeste;municipal;2;7;1,0;51,1;738,8865;2,0;93,35499999999999;55,87;80,0;4,77;4,129;51,91;740,39;15,0;80,0;170;1236;16;745,6780797;0;128560,0;52773,3;205,03;11,7642
2024;53014854;60042238;5300108;Brasília;DF;Centro-Oeste;estadual;2;1;1,3;;;;;;;;;;;;;153;22111;360;730,3;1;2982818,0;122591,83;444,07;14,9084
2024;11009731;60000023;1100205;Porto Velho;RO;Norte;municipal;2;12;1,18;65,06;761,5118;2,5;85,58;67,5;80,0;2,44;2,134;64,6;759,44;5,0;80,0;121;5422;88;657,26;1;514873,0;49336,81;12,57;13,1517
2024;35079642;60029346;3508405;Cabreúva;SP;Sudeste;municipal;2;14;1,1363636;49,11;735,5707;2,0;90,2;54,18;80,0;5,07;4,413;51,91;740,39;15,0;80,0;140;668;10;742,4520211;1;48473,0;149381,74;159,91;10,7888
2024;35095388;60027475;3525300;Jaú;SP;Sudeste;municipal;2;15;1,1;59,77;750,3402;2,0;93,215;63,12;80,0;3,35;2,89;51,91;740,39;15,0;80,0;86;1024;17;660,9240464;1;137323,0;47646,3;191,09;11,8301
2024;26039448;60012359;2607901;Jaboatão dos Guararapes;PE;Nordeste;municipal;2;19;1,19;57,25;745,33;2,0;90,745;61,03;80,0;3,78;3,25;58,95;747,45;9,0;80,0;41;4684;95;726,1;1;683285,0;29682,05;2493,06;13,4347
2024;15096535;60002014;1501402;Belém;PA;Norte;estadual;2;3;1,14;57,85;741,6816;1,0;74,905;53,42;80,0;-4,43;3,164;48,38;733,29;17,0;80,0;43;8616;173;733,62;1;1398531,0;28984,74;1315,27;14,1509
2024;35174821;60025997;3530508;Mococa;SP;Sudeste;municipal;2;7;1,0909091;46,41;738,8306;2,0;90,94;51,87;80,0;5,46;4,799;51,91;740,39;15,0;80,0;25;507;9;815,354407;0;69324,0;57910,0;77,55;11,1466
2024;13018476;60001011;1303403;Parintins;AM;Norte;estadual;2;3;1,0;77,24;759,8949;2,0;85,46000000000001;56,53;80,0;-20,71;0,394;52,2;736,47;13,0;80,0;83;1355;32;686,06;1;101956,0;16251,61;17,14;11,5323
2024;31090975;60018197;3137601;Lagoa Santa;MG;Sudeste;estadual;2;5;1,0;86,96;773,8277;3,5;82,655;64,72;80,0;-22,24;-0,994;59,81;751,71;8,0;80,0;25;534;14;769,75;0;79981,0;35325,64;228,27;11,2896
2024;15021156;60002304;1502103;Cametá;PA;Norte;municipal;2;1;1,08;40,41;726,6077;0,5;81,685;46,63;80,0;6,22;5,656;48,38;733,29;17,0;80,0;72;1141;48;745,83;0;143837,0;13220,19;39,23;11,8764
2024;29135729;60015043;2919157;Lapão;BA;Nordeste;municipal;2;18;1,0;25,08;716,7217;0,0;93,7;32,3;80,0;7,22;7,846;36,78;724,86;23,0;80,0;11;301;11;757,57;0;26998,0;14142,23;42,57;10,2036
2024;27008904;60013238;2702405;Delmiro Gouveia;AL;Nordeste;municipal;2;3;1,0;31,11;718,3048;0,0;92,37;38,15;80,0;7,04;6,984;43,88;729,72;19,0;80,0;14;560;15;702,56;1;52809,0;17254,46;79,13;10,8745
2024;31124396;60020825;3162500;São João del Rei;MG;Sudeste;municipal;2;2;1,13;55,63;749,3158;3,0;89,295;59,67;80,0;4,04;3,481;59,81;751,71;8,0;80,0;49;708;19;688,37;1;94062,0;37266,33;57,68;11,4517
2024;50031503;60040005;5006200;Nova Andradina;MS;Centro-Oeste;municipal;2;3;1,0;58,38;752,2081;2,5;95,91499999999999;61,97;80,0;3,59;3,089;47,45;735,95;18,0;80,0;47;654;10;796,09;0;50610,0;70514,62;9,54;10,8319
2024;31006062;60021402;3166808;Serra do Salitre;MG;Sudeste;municipal;2;5;1,18;59,88;751,1193;3,0;84,36500000000001;63,21;80,0;3,33;2,874;59,81;751,71;8,0;80,0;43;162;6;805,78;0;12210,0;73586,32;8,14;9,4101
2024;33145173;60024488;3304557;Rio de Janeiro;RJ;Sudeste;municipal;2;4;1,17;56,19;741,2373;2,5;84,625;60,14;80,0;3,95;3,401;52,13;737,3;14,0;80,0;71;43411;687;746,7;0;6729894,0;62179,64;5265,81;15,7221
2024;41020529;60032726;4104808;Cascavel;PR;Sul;municipal;2;21;1,2;80,11;766,3159;4,5;84,675;80,0;80,0;-0,11;-0,016;73,12;757,21;2,0;80,0;51;3374;59;743,21;0;364104,0;52743,66;136,23;12,8052
2024;29153335;60017719;2921203;Miguel Calmon;BA;Nordeste;municipal;2;2;1,0;47,8;735,3213;0,5;90,91499999999999;53,06;80,0;5,26;4,6;36,78;724,86;23,0;80,0;15;184;7;762,51;0;25317,0;13437,61;16,88;10,1393
2024;35432599;60026591;3550308;São Paulo;SP;Sudeste;estadual;2;19;1,03125;50,16;738,0494;0,5;84,24000000000001;44,37;80,0;-5,79;4,263;51,91;740,39;15,0;80,0;177;94373;1110;828,5296809;0;11895578,0;89682,49;7387,69;16,2917
2024;29929847;60016702;2932903;Valença;BA;Nordeste;municipal;2;21;1,0;31,04;716,6715;0,0;84,105;38,08;80,0;7,04;6,994;36,78;724,86;23,0;80,0;37;417;21;684,93;1;90028,0;24375,24;74,35;11,4079
2024;35129381;60029127;3545407;Salto Grande;SP;Sudeste;municipal;2;4;1,125;60,22;742,5965;2,0;87,945;63,49;80,0;3,27;2,826;51,91;740,39;15,0;80,0;52;91;2;737,1628433;1;9212,0;42871,04;46,64;9,1284
2024;13019286;60001268;1303403;Parintins;AM;Norte;municipal;2;16;1,13;51,88;735,3353;2,0;85,46000000000001;56,53;80,0;4,65;4,017;52,2;736,47;13,0;80,0;43;1355;32;687,13;1;101956,0;16251,61;17,14;11,5323
2024;35188762;60026183;3549904;São José dos Campos;SP;Sudeste;municipal;2;12;1,0416667;57,44;747,566;2,5;93,285;61,18;80,0;3,74;3,223;51,91;740,39;15,0;80,0;73;6763;90;832,9862333;0;724756,0;84710,61;572,77;13,4936
2024;25011283;60011321;2509305;Mataraca;PB;Nordeste;municipal;2;6;1,0;85,94;787,1217;3,5;90,65;80,0;80,0;-5,94;-0,849;51,12;741,6;16,0;80,0;149;178;3;700,88;1;8585,0;26912,75;40,19;9,0579
2024;42049293;60034813;4209102;Joinville;SC;Sul;municipal;2;19;1,23;65,94;751,7973;3,0;75,965;68,23;80,0;2,29;2,009;61,38;747,11;7,0;80,0;106;5308;89;723,64;1;654888,0;76067,78;449,3;13,3922
2024;26013849;60011695;2601904;Bezerros;PE;Nordeste;municipal;2;15;1,0;51,47;737,3829;2,0;94,035;56,18;80,0;4,71;4,076;58,95;747,45;9,0;80,0;28;401;11;720,66;1;64809,0;16813,79;119,53;11,0792
2024;35245553;60031178;3516408;Franco da Rocha;SP;Sudeste;municipal;2;11;1,0869565;50,89;736,4471;1,5;90,7;55,69;80,0;4,8;4,159;51,91;740,39;15,0;80,0;106;1792;21;794,6721167;0;149786,0;36305,72;981,28;11,917
2024;52069054;60041745;5200258;Águas Lindas de Goiás;GO;Centro-Oeste;municipal;2;4;1,13;48,9;733,535;1,5;88,5;54,0;80,0;5,1;4,443;66,74;752,15;4,0;80,0;112;2979;42;764,1;0;240613,0;12726,6;846,03;12,3909
2024;23041700;60008719;2304301;Farias Brito;CE;Nordeste;municipal;2;1;1,0;98,01;827,1678;5,0;97,93;80,0;80,0;-18,01;-2,573;84,46;795,68;1,0;80,0;11;175;9;829,61;0;18557,0;13052,22;37,74;9,8287
2024;35117546;60028950;3514700;Echaporã;SP;Sudeste;municipal;2;11;1,0;77,86;770,2545;4,5;91,535;78,18;80,0;0,32;0,306;51,91;740,39;15,0;80,0;83;83;1;821,9311133;0;6295,0;29770,14;12,26;8,7477
2024;52060371;60041808;5213087;Minaçu;GO;Centro-Oeste;municipal;2;9;1,0;75,66;759,0769;4,5;92,83;76,32;80,0;0,66;0,62;66,74;752,15;4,0;80,0;50;274;7;719,99;1;26939,0;47755,93;10,89;10,2014
2024;22032668;60006730;2201903;Bom Jesus;PI;Nordeste;municipal;2;2;1,0;99,08;830,9424;5,0;98,315;80,0;80,0;-19,08;-2,726;52,48;744,66;12,0;80,0;21;285;9;792,54;0;30321,0;54802,74;4,14;10,3196
2024;31193026;60018130;3106200;Belo Horizonte;MG;Sudeste;municipal;2;21;1,33;57,61;748,4681;2,5;84,09;61,33;80,0;3,72;3,199;59,81;751,71;8,0;80,0;126;16012;262;772,34;0;2416339,0;53882,2;7167,02;14,6978
2024;23025903;60008012;2303709;Caucaia;CE;Nordeste;municipal;2;15;1,0;67,04;765,3228;3,0;95,655;69,14;80,0;2,1;1,851;84,46;795,68;1,0;80,0;123;3784;85;690,7;1;375730,0;26278,33;265,93;12,8366
2024;21035074;60004593;2107605;Palmeirândia;MA;Nordeste;municipal;2;9;1,23;42,07;730,0656;2,5;90,53;48,1;80,0;6,03;5,419;56,43;749,92;10,0;80,0;13;119;6;731,8;1;21606,0;8710,08;35,7;9,9808
2024;33115835;60025363;3304557;Rio de Janeiro;RJ;Sudeste;municipal;2;11;1,17;56,19;741,2373;2,5;84,625;60,14;80,0;3,95;3,401;52,13;737,3;14,0;80,0;90;43411;687;749,27;0;6729894,0;62179,64;5265,81;15,7221
2024;24017896;60010334;2403251;Parnamirim;RN;Nordeste;municipal;2;14;1,14;44,3;733,5997;0,5;72,565;50,04;80,0;5,74;5,1;37,24;724,89;22,0;80,0;38;1330;36;683,86;1;269298,0;28253,18;1638,14;12,5036
2024;41093911;60034155;4105805;Colombo;PR;Sul;municipal;2;15;1,04;64,92;748,6869;3,0;81,62;67,38;80,0;2,46;2,154;73,12;757,21;2,0;80,0;38;3101;43;756,75;0;240720,0;31692,32;1079,08;12,3914
2024;51025054;60040213;5104526;Ipiranga do Norte;MT;Centro-Oeste;municipal;2;11;1,0;61,83;753,04;2,5;89,82499999999999;64,83;80,0;3,0;2,596;55,03;746,8;11,0;80,0;149;149;1;773,94;0;8409,0;258655,84;1,48;9,0372
2024;21026424;60004906;2105302;Imperatriz;MA;Nordeste;municipal;2;16;1,07;45,19;734,8084;1,5;87,93;50,82;80,0;5,63;4,973;56,43;749,92;10,0;80,0;107;2612;61;762,7;0;285146,0;33231,4;180,79;12,5608
2024;23064461;60009166;2304400;Fortaleza;CE;Nordeste;municipal;2;19;1,0;74,03;774,4244;4,0;95,91;74,95;80,0;0,92;0,853;84,46;795,68;1,0;80,0;106;17722;214;689,62;1;2574412,0;33770,75;7786,52;14,7611
2024;15025814;60003086;1502400;Castanhal;PA;Norte;municipal;2;4;1,26;38,09;723,3822;0,0;77,17;;80,0;;5,987;48,38;733,29;17,0;80,0;48;1890;40;677,64;1;207603,0;30433,52;168,29;12,2434
2024;29130430;60014751;2918407;Juazeiro;BA;Nordeste;municipal;2;5;1,0;31,18;717,4032;0,0;89,44;38,21;80,0;7,03;6,974;36,78;724,86;23,0;80,0;71;2494;58;793,96;0;254481,0;24204,57;30,45;12,447
2024;35232159;60029896;3557006;Votorantim;SP;Sudeste;municipal;2;2;1,2;48,87;738,2782;1,5;88,99;53,97;80,0;5,1;4,447;51,91;740,39;15,0;80,0;41;1103;24;758,7552782;0;132849,0;39214,85;592,47;11,797
2024;43027524;60037106;4307005;Erechim;RS;Sul;estadual;2;4;1,0454545;69,0;753,1518;2,0;91,62;64,31;80,0;-4,69;1,571;63,43;747,39;6,0;80,0;22;929;23;698,4004172;1;109497,0;77601,27;223,11;11,6037
2024;50009105;60039999;5002704;Campo Grande;MS;Centro-Oeste;municipal;2;9;1,0;41,61;726,7477;1,5;86,66499999999999;47,69;80,0;6,08;5,484;47,45;735,95;18,0;80,0;170;10001;98;668,82;1;954537,0;44283,01;97,22;13,769
2024;35394929;60026546;3550308;São Paulo;SP;Sudeste;estadual;2;9;1,08;50,16;738,0494;0,5;84,24000000000001;44,37;80,0;-5,79;4,263;51,91;740,39;15,0;80,0;77;94373;1110;769,2835194;0;11895578,0;89682,49;7387,69;16,2917
2024;43003253;60039460;4300604;Alvorada;RS;Sul;estadual;2;14;1,3333333;50,64;736,3602;0,5;75,64500000000001;52,0;80,0;1,36;4,194;63,43;747,39;6,0;80,0;27;1970;42;672,8380469;1;194116,0;21275,6;2743,94;12,1762
2024;28007339;60014196;2803500;Lagarto;SE;Nordeste;municipal;2;15;1,13;35,6;718,3879;0,0;90,065;42,31;80,0;6,71;6,343;31,3;713,13;24,0;80,0;15;757;26;714,5;1;105558,0;20631,55;97,84;11,567
2024;35289313;60026089;3529401;Mauá;SP;Sudeste;estadual;2;17;1,1666667;64,23;760,3227;1,0;80,75;51,29;80,0;-12,94;2,253;51,91;740,39;15,0;80,0;156;3825;39;797,3663696;0;429380,0;58225,19;6803,54;12,9701
2024;41072243;60033431;4104204;Campo Largo;PR;Sul;municipal;2;7;1,1;73,34;757,5647;3,5;87,205;74,37;80,0;1,03;0,951;73,12;757,21;2,0;80,0;104;1576;34;777,68;0;142695,0;49548,99;89,94;11,8685
2024;35118833;60028821;3529005;Marília;SP;Sudeste;municipal;2;7;1,1052632;59,16;748,4005;2,5;86,63499999999999;62,61;80,0;3,45;2,977;51,91;740,39;15,0;80,0;49;1666;30;815,354407;0;246627,0;50714,52;185,21;12,4156
2024;31043747;60020789;3131703;Itabira;MG;Sudeste;municipal;2;6;1,04;57,17;748,2202;2,5;87,155;60,96;80,0;3,79;3,261;59,81;751,71;8,0;80,0;92;989;23;758,94;0;117747,0;63137,07;87,57;11,6763
2024;31045084;60021952;3141009;Mato Verde;MG;Sudeste;municipal;2;21;1,13;69,02;756,4343;3,0;96,775;70,78;80,0;1,76;1,569;59,81;751,71;8,0;80,0;57;135;3;765,98;0;12238,0;18719,48;26,86;9,4124
2024;23037483;60008954;2304400;Fortaleza;CE;Nordeste;municipal;2;5;1,0;74,03;774,4244;4,0;95,91;74,95;80,0;0,92;0,853;84,46;795,68;1,0;80,0;90;17722;214;747,8;0;2574412,0;33770,75;7786,52;14,7611
2024;26066094;60011767;2610905;Pesqueira;PE;Nordeste;municipal;2;4;1,19;59,65;748,3499;2,5;93,44;63,02;80,0;3,37;2,907;58,95;747,45;9,0;80,0;60;460;15;743,34;0;65408,0;16544,52;63,21;11,0884
2024;31156076;60019748;3162500;São João del Rei;MG;Sudeste;estadual;2;8;1,09;66,8;759,2216;3,0;89,295;59,67;80,0;-7,13;1,886;59,81;751,71;8,0;80,0;44;708;19;666,41;1;94062,0;37266,33;57,68;11,4517
2024;43032596;60039221;4308508;Frederico Westphalen;RS;Sul;estadual;2;19;1,0434783;83,01;769,7977;2,5;88,82499999999999;65,99;80,0;-17,02;-0,43;63,43;747,39;6,0;80,0;23;294;12;760,8518134;0;33684,0;53210,31;108,85;10,4248
2024;31006382;60021573;3125101;Extrema;MG;Sudeste;municipal;2;1;1,19;57,68;748,1387;2,5;86,37;61,38;80,0;3,7;3,189;59,81;751,71;8,0;80,0;66;725;10;708,71;1;57913,0;348885,38;116,93;10,9667
2024;31064235;60020347;3131307;Ipatinga;MG;Sudeste;municipal;2;3;1,06;64,66;754,7389;3,5;88,455;67,17;80,0;2,51;2,191;59,81;751,71;8,0;80,0;16;1931;41;782,54;0;235445,0;71652,57;1452,34;12,3692
2024;33096280;60023643;3306305;Volta Redonda;RJ;Sudeste;municipal;2;9;1,17;60,12;744,2968;3,0;83,9;63,41;80,0;3,29;2,84;52,13;737,3;14,0;80,0;70;2463;42;753,19;0;279898,0;54689,98;1412,75;12,5422
2024;23072989;60007531;2308377;Miraíma;CE;Nordeste;municipal;2;12;1,0;86,66;787,4835;5,0;95,47;80,0;80,0;-6,66;-0,951;84,46;795,68;1,0;80,0;10;151;7;771,35;0;14736,0;9599,76;18,29;9,5981
2024;15002630;60003156;1500305;Afuá;PA;Norte;municipal;2;5;1,5;30,81;713,5658;0,0;80,33000000000001;37,86;80,0;7,05;7,027;48,38;733,29;17,0;80,0;202;615;22;748,72;0;40246,0;16537,22;4,19;10,6028
2024;50024415;60039857;5005400;Maracaju;MS;Centro-Oeste;municipal;2;1;1,04;40,62;727,7175;1,0;86,405;46,82;80,0;6,2;5,626;47,45;735,95;18,0;80,0;106;648;8;760,69;0;47558,0;124506,12;7,06;10,7697
2024;31028184;60019528;3112802;Capitólio;MG;Sudeste;municipal;2;7;1,22;83,44;775,863;4,5;88,85499999999999;80,0;80,0;-3,44;-0,491;59,81;751,71;8,0;80,0;59;105;3;852,05;0;10863,0;40856,95;15,68;9,2932
2024;35082581;60030660;3523909;Itu;SP;Sudeste;municipal;2;18;1,12;65,25;758,7084;3,0;89,42;67,66;80,0;2,41;2,107;51,91;740,39;15,0;80,0;63;1577;25;738,210345;1;174561,0;80272,97;240,57;12,07
2024;31155291;60020738;3136207;João Monlevade;MG;Sudeste;municipal;2;8;1,08;60,91;752,6444;3,5;91,83;64,07;80,0;3,16;2,727;59,81;751,71;8,0;80,0;50;652;10;801,24;0;83360,0;51419,73;742,35;11,3309
2024;26075886;60011870;2608909;Limoeiro;PE;Nordeste;municipal;2;8;1,05;72,23;761,426;3,5;94,965;73,45;80,0;1,22;1,11;58,95;747,45;9,0;80,0;19;377;12;783,69;0;59125,0;16763,47;202,53;10,9874
2024;29131738;60014769;2918407;Juazeiro;BA;Nordeste;municipal;2;10;1,0;31,18;717,4032;0,0;89,44;38,21;80,0;7,03;6,974;36,78;724,86;23,0;80,0;44;2494;58;698,26;1;254481,0;24204,57;30,45;12,447
2024;52063543;60041903;5205497;Cidade Ocidental;GO;Centro-Oeste;municipal;2;6;1,12;51,3;736,4118;2,5;91,315;56,04;80,0;4,74;4,1;66,74;752,15;4,0;80,0;182;1221;14;766,14;0;98963,0;13651,7;143,4;11,5025
2024;32032541;60022350;3204104;Pinheiros;ES;Sudeste;municipal;2;7;1,0;77,29;763,7602;4,5;92,28;77,69;80,0;0,4;0,387;67,93;753,72;3,0;80,0;48;282;9;738,88;1;24825,0;41275,97;24,5;10,1196
2024;35085408;60030360;3506102;Bebedouro;SP;Sudeste;municipal;2;4;1,2352941;48,69;735,1453;1,5;91,61000000000001;53,82;80,0;5,13;4,473;51,91;740,39;15,0;80,0;17;567;11;783,14946;0;78210,0;68324,52;109,81;11,2672
2024;35245546;60031178;3516408;Franco da Rocha;SP;Sudeste;municipal;2;11;1,0869565;50,89;736,4471;1,5;90,7;55,69;80,0;4,8;4,159;51,91;740,39;15,0;80,0;106;1792;21;755,9853163;0;149786,0;36305,72;981,28;11,917
2024;42072209;60034504;4200606;Águas Mornas;SC;Sul;municipal;2;15;1,09;81,28;767,2205;4,5;83,64;80,0;80,0;-1,28;-0,183;61,38;747,11;7,0;80,0;47;85;2;801,44;0;7082,0;39789,89;16,99;8,8655
2024;50032687;60040077;5002951;Chapadão do Sul;MS;Centro-Oeste;municipal;2;11;1,0;43,31;732,2222;2,0;93,775;49,18;80,0;5,87;5,241;47,45;735,95;18,0;80,0;55;431;6;721,61;1;33791,0;98532,95;5,1;10,428
2024;29042079;60014993;2906204;Canarana;BA;Nordeste;municipal;2;9;1,0;29,21;720,6543;0,0;96,67;36,34;80,0;7,13;7,256;36,78;724,86;23,0;80,0;70;255;7;689,96;1;24989,0;12231,62;41,76;10,1262
2024;35053485;60027787;3531803;Monte Mor;SP;Sudeste;municipal;2;6;1,173913;49,58;734,5603;1,0;84,75;54,58;80,0;5,0;4,346;51,91;740,39;15,0;80,0;107;754;12;749,8026862;0;67296,0;89892,39;203,55;11,1169
2024;33060514;60025579;3303500;Nova Iguaçu;RJ;Sudeste;municipal;2;14;1,3;33,23;719,388;0,0;79,785;40,13;80,0;6,9;6,681;52,13;737,3;14,0;80,0;74;6380;119;722,15;1;843046,0;24338,68;1527,6;13,6448
2024;35259763;60026754;3518800;Guarulhos;SP;Sudeste;municipal;2;2;1,0666667;39,42;723,1232;0,5;85,405;45,75;80,0;6,33;5,797;51,91;740,39;15,0;80,0;84;13135;139;783,2295772;0;1345364,0;72513,96;3828,36;14,1122
2024;43095168;60039160;4321501;Torres;RS;Sul;municipal;2;13;1,0416667;62,86;744,7822;2,0;77,06;65,68;80,0;2,82;2,449;63,43;747,39;6,0;80,0;48;438;13;751,3355225;0;43268,0;42422,32;216,34;10,6752
2024;23059972;60008147;2307650;Maracanaú;CE;Nordeste;municipal;2;20;1,0;82,4;789,271;5,0;96,53999999999999;80,0;80,0;-2,4;-0,343;84,46;795,68;1,0;80,0;50;3110;53;819,83;0;249684,0;54228,92;1877,75;12,428
2024;33038511;60024157;3302270;Japeri;RJ;Sudeste;municipal;2;10;1,56;39,09;727,028;0,0;80,84;45,46;80,0;6,37;5,844;52,13;737,3;14,0;80,0;9;1085;24;746,7;0;102149,0;18353,56;1166,37;11,5342
2024;24009140;60010341;2404705;Ipanguaçu;RN;Nordeste;municipal;2;21;1,31;13,69;698,7556;0,5;83,38;20,1;80,0;6,41;9,473;37,24;724,89;22,0;80,0;34;130;7;780,76;0;14539,0;18146,02;37,02;9,5847
2024;41041861;60032501;4104907;Castro;PR;Sul;municipal;2;1;1,0;74,26;756,8865;4,0;90,69999999999999;75,14;80,0;0,88;0,82;73,12;757,21;2,0;80,0;114;899;19;763,31;0;75291,0;60000,54;26,5;11,2291
2024;33046069;60024200;3302502;Magé;RJ;Sudeste;municipal;2;21;1,08;46,26;732,4963;1,0;84,245;51,74;80,0;5,48;4,82;52,13;737,3;14,0;80,0;122;2969;62;749,29;0;244092,0;21718,91;585,13;12,4053
2024;35246202;60029868;3528502;Mairiporã;SP;Sudeste;municipal;2;11;1,0;55,0;743,3973;2,5;92,2;59,15;80,0;4,15;3,571;51,91;740,39;15,0;80,0;61;898;26;838,5557152;0;97399,0;28410,77;252,25;11,4866
2024;23003273;60007560;2312908;Sobral;CE;Nordeste;municipal;2;19;1,0;98,74;840,1149;5,0;97,035;80,0;80,0;-18,74;-2,677;84,46;795,68;1,0;80,0;79;2307;34;820,98;0;215286,0;30605,47;88,67;12,2797
2024;35417398;60027028;3550308;São Paulo;SP;Sudeste;municipal;2;4;1,2;37,87;721,2607;0,5;84,24000000000001;44,37;80,0;6,5;6,019;51,91;740,39;15,0;80,0;80;94373;1110;695,3595914;1;11895578,0;89682,49;7387,69;16,2917
2024;33064630;60024337;3303500;Nova Iguaçu;RJ;Sudeste;municipal;2;12;1,15;33,23;719,388;0,0;79,785;40,13;80,0;6,9;6,681;52,13;737,3;14,0;80,0;58;6380;119;733,16;1;843046,0;24338,68;1527,6;13,6448
2024;26009648;60012990;2603702;Canhotinho;PE;Nordeste;municipal;2;10;1,0;48,26;732,2627;2,0;94,745;53,45;80,0;5,19;4,534;58,95;747,45;9,0;80,0;53;226;6;766,6;0;25090,0;14547,47;57,96;10,1303
2024;35314444;60030945;3547809;Santo André;SP;Sudeste;municipal;2;7;1,0;52,84;741,6645;2,0;87,725;57,33;80,0;4,49;3,88;51,91;740,39;15,0;80,0;92;4506;81;786,2120138;0;778711,0;47426,26;3866,35;13,5654
2024;35196051;60029764;3556453;Vargem Grande Paulista;SP;Sudeste;municipal;2;7;1,15;56,05;745,9719;2,5;90,83500000000001;60,02;80,0;3,97;3,421;51,91;740,39;15,0;80,0;79;545;13;712,0756806;1;52103,0;67640,88;1021,79;10,861
2024;31090251;60022084;3157005;Salinas;MG;Sudeste;municipal;2;16;1,0;73,01;769,2009;4,0;95,355;74,1;80,0;1,09;0,999;59,81;751,71;8,0;80,0;19;392;9;754,95;0;41641,0;21702,02;20,75;10,6369
2024;27021345;60013259;2706109;Ouro Branco;AL;Nordeste;municipal;2;8;1,0;20,41;697,211;1,0;94,28;27,52;80,0;7,11;8,513;43,88;729,72;19,0;80,0;59;112;2;758,5;0;11699,0;12863,92;53,29;9,3673
2024;51003778;60040483;5106653;Pontal do Araguaia;MT;Centro-Oeste;municipal;2;3;1,13;69,67;760,36;2,5;88,05000000000001;71,32;80,0;1,65;1,476;55,03;746,8;11,0;80,0;74;74;1;699,45;1;7299,0;33522,67;1,97;8,8956
2024;13021450;60001278;1303700;Santo Antônio do Içá;AM;Norte;municipal;2;11;1,15;59,68;742,7835;1,0;87,98;63,05;80,0;3,37;2,903;52,2;736,47;13,0;80,0;54;555;11;767,1;0;30448,0;11635,48;1,99;10,3238
2024;32042644;60022882;3204807;São José do Calçado;ES;Sudeste;municipal;2;12;1,13;74,52;763,2589;3,5;89,725;75,36;80,0;0,84;0,783;67,93;753,72;3,0;80,0;70;101;3;713,84;1;11373,0;20294,73;38,17;9,3391
2024;43067159;60038124;4314902;Porto Alegre;RS;Sul;municipal;2;1;1,5882353;40,04;726,7029;;;;;;;63,43;747,39;6,0;80,0;70;7389;236;735,5336488;1;1389322,0;75391,65;2837,52;14,1443
2024;41089911;60034284;4113700;Londrina;PR;Sul;municipal;2;4;1,04;73,87;759,754;4,0;84,78;74,82;80,0;0,95;0,876;73,12;757,21;2,0;80,0;95;4774;87;772,78;0;577318,0;48499,33;306,49;13,2662
2024;11005661;60000308;1101005;Governador Jorge Teixeira;RO;Norte;municipal;2;15;1,08;65,11;757,8076;3,5;91,25;67,54;80,0;2,43;2,127;64,6;759,44;5,0;80,0;44;124;3;758,29;0;8420,0;38019,36;2,07;9,0385
2024;43022704;60037015;4302220;Boa Vista do Cadeado;RS;Sul;municipal;2;20;1,1666667;71,42;757,6376;3,5;88,01499999999999;72,77;80,0;1,35;1,226;63,43;747,39;6,0;80,0;18;18;1;780,0393363;0;2271,0;118886,39;3,48;7,7284
2024;15039622;60003384;1504000;Limoeiro do Ajuru;PA;Norte;municipal;2;20;1,1;47,64;734,1187;1,0;81,33500000000001;52,92;80,0;5,28;4,623;48,38;733,29;17,0;80,0;109;256;14;681,01;1;31778,0;18943,64;16,79;10,3666
2024;42034623;60034933;4205100;Dona Emma;SC;Sul;municipal;2;5;1,16;87,24;770,7268;5,0;86,53;80,0;80,0;-7,24;-1,034;61,38;747,11;7,0;80,0;54;54;1;749,64;0;4388,0;42034,64;20,56;8,3869
2024;29223754;60016880;2928059;Santa Luzia;BA;Nordeste;municipal;2;14;1,0;33,46;718,619;0,0;78,28999999999999;40,34;80,0;6,88;6,649;36,78;724,86;23,0;80,0;47;95;3;679,64;1;14377,0;11486,75;17,22;9,5735
2024;26021250;60012106;2615300;Timbaúba;PE;Nordeste;municipal;2;6;1,04;74,11;763,8144;4,0;95,305;75,02;80,0;0,91;0,841;58,95;747,45;9,0;80,0;54;346;10;736,32;1;47575,0;19028,17;184,16;10,7701
2024;35411771;60030619;3550308;São Paulo;SP;Sudeste;municipal;2;16;1,0714286;37,87;721,2607;0,5;84,24000000000001;44,37;80,0;6,5;6,019;51,91;740,39;15,0;80,0;69;94373;1110;750,5862105;0;11895578,0;89682,49;7387,69;16,2917
2024;52013232;60041927;5201108;Anápolis;GO;Centro-Oeste;municipal;2;20;1,25;72,21;757,0193;4,0;87,955;73,43;80,0;1,22;1,113;66,74;752,15;4,0;80,0;167;3468;55;795,2;0;415847,0;49133,72;358,58;12,9381
2024;33006138;60025094;3300456;Belford Roxo;RJ;Sudeste;municipal;2;18;1,32;34,73;722,0196;0,0;74,895;41,51;80,0;6,78;6,467;52,13;737,3;14,0;80,0;45;3174;67;674,83;1;518263,0;18690,01;6031,38;13,1582
2024;31120527;60021041;3105400;Barão de Cocais;MG;Sudeste;municipal;2;9;1,09;58,76;752,6837;2,5;90,64;62,28;80,0;3,52;3,034;59,81;751,71;8,0;80,0;99;335;7;674,99;1;32095,0;48205,95;83,51;10,3765
2024;35176796;60027781;3549706;São José do Rio Pardo;SP;Sudeste;municipal;2;18;1,0714286;47,71;731,9851;2,0;90,88499999999999;52,98;80,0;5,27;4,613;51,91;740,39;15,0;80,0;38;415;10;758,3602443;0;53416,0;53859,76;123,81;10,8859
2024;42073551;60035653;4215802;São Bento do Sul;SC;Sul;estadual;2;5;1,16;70,54;754,3512;4,0;79,735;74,17;80,0;3,63;1,351;61,38;747,11;7,0;80,0;96;793;25;755,13;0;86851,0;58009,96;150,94;11,372
2024;51048067;60040787;5101407;Aripuanã;MT;Centro-Oeste;municipal;2;4;1,06;60,16;752,05;3,0;85,815;63,44;80,0;3,28;2,834;55,03;746,8;11,0;80,0;72;383;6;843,62;0;26010,0;55822,22;0,76;10,1663
2024;35264338;60027987;3518800;Guarulhos;SP;Sudeste;municipal;2;8;1,1724138;39,42;723,1232;0,5;85,405;45,75;80,0;6,33;5,797;51,91;740,39;15,0;80,0;198;13135;139;661,5567779;1;1345364,0;72513,96;3828,36;14,1122
2024;27005715;60013347;2701209;Cacimbinhas;AL;Nordeste;municipal;2;18;1,0;30,55;713,2199;1,0;96,25999999999999;37,62;80,0;7,07;7,064;43,88;729,72;19,0;80,0;84;157;4;769,78;0;10701,0;18230,35;37,35;9,2782
2024;42025867;60036126;4213104;Piratuba;SC;Sul;municipal;2;15;1,4;81,43;765,7981;5,0;81,285;80,0;80,0;-1,43;-0,204;61,38;747,11;7,0;80,0;57;67;2;747,2;0;6053,0;157553,44;32,85;8,7085
2024;15086615;60002489;1508308;Viseu;PA;Norte;municipal;2;4;1,0;34,28;723,8932;0,0;86,18;41,1;80,0;6,82;6,531;48,38;733,29;17,0;80,0;28;682;25;735,26;1;61970,0;14034,36;11,54;11,0344
2024;13027653;60000937;1302603;Manaus;AM;Norte;municipal;2;17;1,14;52,2;736,11;2,0;73,57;56,8;80,0;4,6;3,971;52,2;736,47;13,0;80,0;75;23125;327;700,85;1;2279686,0;55994,46;158,06;14,6395
2024;24008734;60010324;2400208;Assú;RN;Nordeste;municipal;2;17;1,38;42,17;731,4613;1,0;76,185;48,18;80,0;6,01;5,404;37,24;724,89;22,0;80,0;61;325;11;757,5;0;58906,0;36841,36;40,84;10,9837
2024;35226820;60031305;3554102;Taubaté;SP;Sudeste;municipal;2;11;1,1363636;44,37;730,5738;1,5;84,805;50,1;80,0;5,73;5,09;51,91;740,39;15,0;80,0;61;2159;44;822,2426004;0;321298,0;70363,96;445,98;12,6801
2024;31115232;60021989;3122306;Divinópolis;MG;Sudeste;estadual;2;1;1,14;75,59;772,1619;3,5;89,77000000000001;67,23;80,0;-8,36;0,63;59,81;751,71;8,0;80,0;46;1768;49;862,87;0;242328,0;38540,04;300,82;12,3981
2024;21026780;60004917;2105302;Imperatriz;MA;Nordeste;municipal;2;12;1,13;45,19;734,8084;1,5;87,93;50,82;80,0;5,63;4,973;56,43;749,92;10,0;80,0;49;2612;61;794,08;0;285146,0;33231,4;180,79;12,5608
2024;26002561;60011732;2604106;Caruaru;PE;Nordeste;municipal;2;13;1,04;54,95;741,1174;2,0;91,80000000000001;59,11;80,0;4,16;3,579;58,95;747,45;9,0;80,0;47;3085;49;719,08;1;402290,0;27936,15;342,07;12,9049
2024;35217559;60029743;3552403;Sumaré;SP;Sudeste;estadual;2;21;1,0333333;56,87;749,6636;2,0;87,15;57,39;80,0;0,52;3,304;51,91;740,39;15,0;80,0;90;2702;30;770,4596005;0;289787,0;65655,44;1577,14;12,5769
